Workbook
Name _04._HID_CEA_01_GENERIC_NO_INIT_CAL___Output_1_1: HID_CEA_01!$A$1:$H$310
Name _04._JIN_CEA_01_GENERIC_NO_INIT_CAL___Output_1_1: JIN_CEA_01!$A$1:$F$310
Name _04._JIN_CEA_01_GENERIC_NO_INIT_CAL_2016_MAN___Output_1: JIN_CEA_01!$A$9:$H$310
Name _04._LIS_CEA_01_GENERIC_NO_INIT_CAL___Output_1: LIS_CEA_01!$A$1:$H$310
Name _04._LIS_CEA_01_GENERIC_NO_INIT_CAL___Output_1_1: LIS_CEA_01!$A$1:$H$310
Name _04._STE_CEA_01_GENERIC_NO_INIT_CAL___Output_1: STE_CEA_01!$A$1:$F$310
Name _04._STE_CEA_02_GENERIC_NO_INIT_CAL___Output_1: STE_CEA_02!$A$1:$H$310
Name _04._STE_CEA_03_GENERIC_NO_INIT_CAL___Output_1: STE_CEA_03!$A$1:$H$310

Sheet Cover
A11: Emissions Reduction Fund Offsets Report
A12: Dogwood Carbon Project
A14: Item | B14: Project details
A15: Project Name | B15: Dogwood Carbon Project
A16: Registration number | B16: ERF Project ID 101808
A17: Participant | B17: Corporate Carbon Solutions Pty Ltd
A18: Commencement date | B18: 40725
A19: Reporting period | B19: 1 Jan 2023 to 01 January 2024 (1 year)
A20: Report number | B20: Report 8
A23: Code | B23: Section
B24: Cover
B25: Net Abatement
B26: CEA Attributes
B27: Abatement
B28: Project Emissions
B29: Global Warming Potential
B30: Fuel Emissions
B31: CEA-01 Stewartdale

Sheet Net Abatement
A3: Equation 18; Section 5.8(a)
A4: Symbol | B4: Element | C4: CO2-e (t) | D4: Section
A5: CP | B5: Carbon stock for the project (in tonnes CO2-e) - Equation 11b. | C5: ='Abatement - Report 8'!AD13 -> 26959.689 | D5: 5.8(g)
A6: EB | B6: Total project emissions from biomass burning for the project (in tonnes of CO2-2) - Equation 15 | C6: ='Project Emissions'!G17 -> 1.5931607 | D6: 5.8(c )
A7: EF | B7: Total project fuel emissions for the project (in tonnes CO2-e) - Equation 17 | C7: ='Fuel Emissions'!E32 -> 30.353698 | D7: 5.8(d)
A8: CN | B8: Initial carbon stock for the project area (in tonnes CO2-e) Equation 11a | C8: ='Abatement - Report 3'!F13 -> 3.891384 | D8: 5.8(e/f)
A9: CV | B9: Final carbon stock for the project from the previous offsets report (in tonnes CO2-e) | C9: ='Abatement - Report 8'!AA13 -> 24934.473 | D9: na
A11: A | B11: Project net abatement for the reporting period (in tonnes CO2-e) | C11: =C5-C6-C7-C8-C9 -> 1989.3777 | D11: 5.8(a) | E11: =C11/(44/12) -> 542.55756
B14: Carbon stock change | C14: =C5-C9 -> 2025.216 | D14: 5.8(b) | E14: =C14/(44/12) -> 552.33162
A16: Af | B16: 25 years Permance Proj _Buffers (risk of reversal =5%; permanence period = 20%, total = 25% ) | C16: =(1-0.25)*C11 -> 1492.0333

Sheet CEA Attributes
A1: Method Ref | B1: CEA identification number | C1: STE_CEA_01 | D1: STE_CEA_02 | E1: STE_CEA_03 | F1: JIN_CEA_01 | G1: OLD_CEA_01 | H1: LIS_CEA_01
B2: Landholder / Property | C2: Stewartdale | D2: Stewartdale | E2: Stewartdale | F2: Jingeri | G2: Old Hidden Vale | H2: Liscombe Pools
B3: Date finished planting | C3: 42095 | D3: 42095 | E3: 42095 | F3: 42090 | G3: 40909 | H3: 40391
B4: Modelling Start Date | C4: 42125 | D4: 42125 | E4: 42125 | F4: 42095 | G4: 40940 | H4: 40422
B5: CEA area (ha) | C5: 13.77 | D5: 24.62 | E5: 66.16 | F5: 8.76 | G5: 2.7 | H5: 3.24 | I5: =SUM(C5:H5) -> 119.25
B6: Exclusion area (ha) | C6: 575.01 | F6: 366.55 | G6: 276.45 | H6: 456.08 | I6: =SUM(C6:H6) -> 1674.09
B7: Principal evidence of planting history | C7: Mgt Records | D7: Mgt Records | E7: Mgt Records | F7: Mgt Records | G7: Mgt Records | H7: Mgt Records | I7: =SUM(I5:I6) -> 1793.34
B8: Permanent planting type | C8: MSEP-Temp | D8: MSEP-Temp | E8: MSEP-Temp | F8: MSEP-Temp | G8: MSEP-Temp | H8: MSEP-Temp
A9: 1.4 | B9: Permanent planting established on or after 1 July 2007? | C9: Yes - see plant date | D9: Yes - see plant date | E9: Yes - see plant date | F9: Yes - see plant date | G9: Yes - see plant date | H9: Yes - see plant date
A10: 2.3 (3) | B10: Did not contain woody biomass that needed to be cleared prior to the planting going ahead (other than known weed species required by law to be cleared) | C10: No - refer mgt records | D10: No - refer mgt records | E10: No - refer mgt records | F10: No - refer mgt records | G10: No - refer mgt records | H10: No - refer mgt records
B11: Land clear at 1989? | C11: Yes | D11: Yes | E11: Yes | F11: Yes | G11: Yes | H11: Yes
B12: Planting required by law? | C12: No | D12: No | E12: No | F12: No | G12: No | H12: No
A13: 2.3 (4) | B13: Clear of forest cover for 5 years before planting | C13: Yes | D13: Yes | E13: Yes | F13: Yes | G13: Yes | H13: Yes
A14: 2.3 (5) | B14: Project trees have the potential to attain forest cover? | C14: Yes | D14: Yes | E14: Yes | F14: Yes | G14: Yes | H14: Yes
B15: Species planted | C15: E.tereticornis, E.moluccana, E.melanophloia, L.suaveolens, E.crebra, E.siderophloia, L.confertus, C.tessellaris, C.intermedia, C.clarksoniana, A.leiocarpa | D15: E.tereticornis, E.moluccana, E.melanophloia, L.suaveolens, E.crebra, E.siderophloia, L.confertus, C.tessellaris, C.intermedia, C.clarksoniana, A.leiocarpa | E15: E.tereticornis, E.moluccana, E.melanophloia, L.suaveolens, E.crebra, E.siderophloia, L.confertus, C.tessellaris, C.intermedia, C.clarksoniana, A.leiocarpa | F15: E.tereticornis, E.crebra, E.siderophloia, E.melliodora, E.albens, C.citridora, C.intermedia, C.trachyploia, L.confertus, E.Longirostrata | G15: E.tereticornis, C.citriodora, E.moluccana, E.propinqua, E.melanophloia, E.major, E.biturbinata, E.microcorys, E.longirostrata, L.confertus, A.leiocarpa, A.woodsiana, E.crebra, E.carnea, E.fibrosa, E.portuensis, E.acmenoides, M.viminalis, E.siderophloia, C.intermedia, C.trachyphloia | H15: Eucalyptus melliodora, Angophora floribund, Eucalyptus polyanthemos, Eucalyptus albens, Eucalyptus blakelyi, Allocasuarina verticillata, Grevillea robusta, Melia azedarach, Brachychition populneus, Acacia decurrens, Acacia baileyana
B16: RE Class | C16: 12.3.3 | D16: 12.9-10.2/12.9-10.7/12.9-10.19 | E16: 12.9-10.7 | F16: 12.8.16/12.8.14/12.8.9/12.8.4 | G16: 12.9-10.2/12.9-10.7/12.9-10.17a | H16: NSW PCTID 266, 277, 796 (White Box grassy woodland, Blakelys Red Gum - Yellow Box grassy tall woodland, Derived grassland of the NSW South Western Slopes)
B17: Soil type | C17: Kurosol | D17: Kurosol | E17: Kurosol | F17: Ferrosol - Red | G17: Sodosol | H17: Kandosol
B18: Aspect | C18: Varied | D18: Varied | E18: Varied | F18: Eastern & Northern | G18: Northern | H18: Varied - Creek edge
B19: Slope position | C19: Mid-lower | D19: Mid-lower | E19: Mid-lower | F19: Mid-lower | G19: Mid | H19: Lower
B20: Land management regime | C20: Biodiversity | D20: Biodiversity | E20: Biodiversity | F20: Biodiversity | G20: Biodiversity | H20: Biodiversity
B21: What are some key aspects which makes this a separate CEA to others? | C21: RE Class | D21: RE Class | E21: RE Class | F21: RE 12.8.16: Open forest on sedimentary rocks, dry hillsides | G21: RE Class | H21: Soil Type
B22: Planting type | C22: Mixed spp. | D22: Mixed spp. | E22: Mixed spp. | F22: Mixed spp. | G22: Mixed spp. | H22: Mixed spp.
B23: Planting geometry | C23: Block | D23: Block | E23: Block | F23: Block | G23: Block | H23: Block
B24: Planting spacing (rows, m) | C24: 4 | D24: 4 | E24: 4 | F24: 3 | G24: 4 | H24: 4
B25: Tree spacing (m) | C25: 4 | D25: 4 | E25: 4 | F25: 4.1 | G25: 4 | H25: 6
B26: Stocking density (assumed for modelling) | C26: <500 | D26: <500 | E26: <500 | F26: <500 | G26: <500 | H26: <500
B27: Tree proportion (assumed for modelling) | C27: <75% | D27: <75% | E27: <75% | F27: <75% | G27: <75% | H27: <75%
B28: Subject to competition from adjacent trees? | C28: Yes | D28: Yes | E28: Yes | F28: Yes | G28: Yes | H28: Yes
B29: CEA boundary distance from stems of outermost plants | C29: 0m | D29: 0m | E29: 0m | F29: 0m | G29: 0m | H29: 0m
B30: Planting Start Date | C30: 42064 | D30: 42064 | E30: 42064 | F30: 42064 | G30: 40939 | H30: 40299
B31: Planting Finish Date | C31: 42095 | D31: 42095 | E31: 42095 | F31: 42090 | G31: 40939 | H31: 40391
A32: 3.18 | B32: Average number of propagated seedling stock per ha | C32: 880 | D32: 880 | E32: 880 | F32: =(100/F24)*(100/F25) -> 813.00813 | G32: 625 | H32: 420
A33: 3.18 | B33: Tree proportion of trees to shrubs at planting | C33: 1 | D33: 1 | E33: 1 | F33: 1 | G33: 1 | H33: 0.85
A34: 3.3 (2) (c) | B34: Operations history | C34: Yes | D34: Yes | E34: Yes | F34: Yes | G34: Yes | H34: Yes
A35: 3.45, 3.48 | B35: Has harvesting or thinning occurred? | C35: No | D35: No | E35: No | F35: No | G35: No | H35: No
A36: 3.47 | B36: Has grazing affected forest cover? | C36: No | D36: No | E36: No | F36: No | G36: No | H36: No
A37: 3.49 | B37: Use of lime or fertilizer | C37: No | D37: No | E37: No | F37: No | G37: No | H37: No
B38: Disturbance events including fire | C38: Nil | D38: Nil | E38: Nil | F38: Nil | G38: Nil | H38: Nil
B39: Survival | C39: 0.95 | D39: 0.95 | E39: 0.95 | F39: 1.07 | G39: 0.9 | H39: 0.55
B40: Simple calculation of future crown cover assuming radius of 2m and 30% mortality since establishment | C40: =(PI()*2^2*C32*C39)/10000 -> 1.0505486 | D40: =(PI()*2^2*D32*D39)/10000 -> 1.0505486 | E40: =(PI()*2^2*E32*E39)/10000 -> 1.0505486 | F40: =(PI()*2^2*F32*F39)/10000 -> 1.0931721 | G40: =(PI()*2^2*G32*G39)/10000 -> 0.70685835 | H40: =(PI()*2^2*H32*H39)/10000 -> 0.29028316
A41: 5.5 (a) (i) (A) | B41: Estimated stocking density 2016 (sterms per ha) | C41: =C32*C39 -> 836 | D41: =D32*D39 -> 836 | E41: =E32*E39 -> 836 | F41: =F32*F39 -> 869.9187 | G41: =G32*G39 -> 562.5 | H41: =H32*H39 -> 231
A42: 5.5 (a) (i) (B) | B42: Anticipated crown cover at maturity | C42: >20% | D42: >20% | E42: >20% | F42: >20% | G42: >20% | H42: >20%
A43: 5.5 (a) (ii) (A) and (B) | B43: Forest cover achieved and evidence it is maintained | C43: No | D43: No | E43: No | F43: No | G43: No | H43: No
A44: 5.5 (a) (iii) | B44: Modelling commencement date | C44: Plant date | D44: Plant date | E44: Plant date | F44: Plant date | G44: Plant date | H44: Plant date
A45: 5.5.(b) (i) | B45: FullCAM input dates | C45: Per mgt records | D45: Per mgt records | E45: Per mgt records | F45: Per mgt records | G45: Per mgt records | H45: Per mgt records
A46: 1st offsets report: FullCAM settings | B46: Specific Calibration used | C46: No | D46: No | E46: No | F46: No | G46: No | H46: No
B47: Calibration used at this offsets report compliant with CEA: | C47: Yes. S3.10(3) | D47: Yes. S3.10(3) | E47: Yes. S3.10(3) | F47: Yes. S3.10(3) | G47: Yes. S3.10(3) | H47: Yes. S3.10(3)
B48: Specific Calibration assumptions - Species | C48: Generic | D48: Generic | E48: Generic | F48: Generic | G48: Generic | H48: Generic
B49: Geometry | C49: N/A | D49: N/A | E49: N/A | F49: N/A | G49: N/A | H49: N/A
B50: Proportion of trees | C50: N/A | D50: N/A | E50: N/A | F50: N/A | G50: N/A | H50: N/A
B51: Rationale | C51: Site measurements not yet undertaken | D51: Site measurements not yet undertaken | E51: Site measurements not yet undertaken | F51: Site measurements not yet undertaken | G51: Site measurements not yet undertaken | H51: Site measurements not yet undertaken
B52: Model point Latitude | C52: -27.729581 | D52: -27.733067 | E52: -27.736743 | F52: -28.172783 | G52: -27.738095 | H52: -33.606723
B53: Model point Longitude | C53: 152.84574 | D53: 152.84439 | E53: 152.84261 | F53: 153.07123 | G53: 152.45277 | H53: 148.83248
B54: End of simulation at 1OR (end of reporting period) | C54: 42551 | D54: 42551 | E54: 42551 | F54: 42551 | G54: 42551 | H54: 42551

Sheet Abatement - Report 8
A2: Division 5.4; Section 5.8(b)
F3: Equation 12a | G3: 2016 - Report 1 | I3: Equation 12b | J3: 2017 - Report 2 | L3: Equation 12b | M3: 2018 - Report 3 | O3: Equation 12b | P3: 2020 - Report 4 | R3: Equation 12b | S3: 2021 - Report 5 | U3: Equation 12b | V3: 2022 - Report 6 | X3: Equation 12b | Y3: 2023 - Report 7 | AA3: Equation 12b | AB3: 2024 - Report 8 | AD3: Equation 12b | AL3: Area | AM3: Net abatement
A4: CEA Name | B4: FullCAM calibration used | C4: CEA area (ha) | D4: Initial carbon mass trees - CDt (t C /ha) | E4: Initial carbon mass debris - CDd (t C /ha) | F4: Initial carbon mass - CD (t C) | G4: End carbon mass trees - Ct (t C /ha) | H4: End carbon mass debris - Cd (t C /ha) | I4: End carbon mass - C (t C) | J4: End carbon mass trees - Ct (t C /ha) | K4: End carbon mass debris - Cd (t C /ha) | L4: End carbon mass - C (t C) | M4: End carbon mass trees - Ct (t C /ha) | N4: End carbon mass debris - Cd (t C /ha) | O4: End carbon mass - C (t C) | P4: End carbon mass trees - Ct (t C /ha) | Q4: End carbon mass debris - Cd (t C /ha) | R4: End carbon mass - C (t C) | S4: End carbon mass trees - Ct (t C /ha) | T4: End carbon mass debris - Cd (t C /ha) | U4: End carbon mass - C (t C) | V4: End carbon mass trees - Ct (t C /ha) | W4: End carbon mass debris - Cd (t C /ha) | X4: End carbon mass - C (t C) | Y4: End carbon mass trees - Ct (t C /ha) | Z4: End carbon mass debris - Cd (t C /ha) | AA4: End carbon mass - C (t C) | AB4: End carbon mass trees - Ct (t C /ha) | AC4: End carbon mass debris - Cd (t C /ha) | AD4: End carbon mass - C (t C) | AI4: Carbon stock change | AM4: ='Net Abatement'!C11 -> 1989.3777 | AN4: Splits
A5: JIN_CEA_01 | B5: Mixed species environmental planting - temperate | C5: ='CEA Attributes'!F5 -> 8.76 | D5: 0 | E5: 0 | F5: =(D5+E5)*C5 -> 0 | G5: ='Abatement - Report 1'!G4 -> 1.2359209 | H5: ='Abatement - Report 1'!H4 -> 0.071879623 | I5: ='Abatement - Report 1'!I4 -> 11.456333 | J5: 18.665416 | K5: 1.8858156 | L5: 180.02879 | M5: 36.533445 | N5: 4.3853774 | O5: 358.44889 | P5: 49.303557 | Q5: 8.5171658 | R5: 506.50953 | S5: =JIN_CEA_01!E91 -> 56.138794 | T5: =JIN_CEA_01!F91 -> 10.672327 | U5: =(T5+S5)*C5 -> 585.26542 | V5: =JIN_CEA_01!E103 -> 60.67404 | W5: =JIN_CEA_01!F103 -> 12.497611 | X5: =(W5+V5)*C5 -> 640.98366 | Y5: =JIN_CEA_01!E115 -> 64.975261 | Z5: =JIN_CEA_01!F115 -> 14.058257 | AA5: =(Z5+Y5)*C5 -> 692.33362 | AB5: =JIN_CEA_01!E127 -> 72.922873 | AC5: =JIN_CEA_01!F127 -> 15.493313 | AD5: =(AC5+AB5)*C5 -> 774.52579 | AI5: =AD5-AA5 -> 82.192174 | AJ5: =AI5*(44/12) -> 301.3713 | AL5: =AI5/$AK$8 -> 0.14880947 | AN5: =$AM$4*AL5 -> 296.03823
A6: HID_CEA_01 | B6: Mixed species environmental planting - temperate | C6: ='CEA Attributes'!G5 -> 2.7 | D6: 0 | E6: 0 | F6: =(D6+E6)*C6 -> 0 | G6: ='Abatement - Report 1'!G5 -> 8.6244366 | H6: ='Abatement - Report 1'!H5 -> 1.1639746 | I6: ='Abatement - Report 1'!I5 -> 26.42871 | J6: 11.392651 | K6: 2.1026674 | L6: 36.43736 | M6: 15.008508 | N6: 2.815663 | O6: 48.12526 | P6: 20.333943 | Q6: 4.1384045 | R6: 66.075338 | S6: =HID_CEA_01!E129 -> 22.545254 | T6: =HID_CEA_01!F129 -> 2.1788461 | U6: =(T6+S6)*C6 -> 66.755071 | V6: =HID_CEA_01!E141 -> 24.404294 | W6: =HID_CEA_01!F141 -> 3.2140433 | X6: =(W6+V6)*C6 -> 74.569511 | Y6: =HID_CEA_01!E153 -> 26.342407 | Z6: =HID_CEA_01!F153 -> 4.0858451 | AA6: =(Z6+Y6)*C6 -> 82.15628 | AB6: =HID_CEA_01!E165 -> 27.281937 | AC6: =HID_CEA_01!F165 -> 4.815221 | AD6: =(AC6+AB6)*C6 -> 86.662325 | AI6: =AD6-AA6 -> 4.5060454 | AJ6: =AI6*(44/12) -> 16.522167 | AL6: =AI6/$AK$8 -> 0.0081582246 | AN6: =$AM$4*AL6 -> 16.22979
A7: LIS_CEA_01 | B7: Mixed species environmental planting - temperate | C7: ='CEA Attributes'!H5 -> 3.24 | D7: =LIS_CEA_01!E20 -> 0.29377931 | E7: =LIS_CEA_01!F20 -> 0.033778268 | F7: =(D7+E7)*C7 -> 1.0612866 | G7: ='Abatement - Report 1'!G6 -> 3.6519413 | H7: ='Abatement - Report 1'!H6 -> 0.64600861 | I7: ='Abatement - Report 1'!I6 -> 13.925358 | J7: 6.0646123 | K7: 1.1987738 | L7: 23.533371 | M7: 7.8642871 | N7: 1.6702547 | O7: 30.891915 | P7: 13.213963 | Q7: 3.1108819 | R7: 52.892496 | S7: =LIS_CEA_01!E146 -> 16.4708 | T7: =LIS_CEA_01!F146 -> 3.7039664 | U7: =(T7+S7)*C7 -> 65.366242 | V7: =LIS_CEA_01!E158 -> 19.424544 | W7: =LIS_CEA_01!F158 -> 4.2933919 | X7: =(W7+V7)*C7 -> 76.846112 | Y7: =LIS_CEA_01!E170 -> 20.78958 | Z7: =LIS_CEA_01!F170 -> 4.8296846 | AA7: =(Z7+Y7)*C7 -> 83.006417 | AB7: =LIS_CEA_01!E182 -> 22.086285 | AC7: =LIS_CEA_01!F182 -> 5.2983251 | AD7: =(AC7+AB7)*C7 -> 88.726137 | AI7: =AD7-AA7 -> 5.7197207 | AJ7: =AI7*(44/12) -> 20.972309 | AL7: =AI7/$AK$8 -> 0.010355592 | AN7: =$AM$4*AL7 -> 20.601183
A8: STE_CEA_01 | B8: Mixed species environmental planting - temperate | C8: ='CEA Attributes'!C5 -> 13.77 | D8: 0 | E8: 0 | F8: =(D8+E8)*C8 -> 0 | G8: ='Abatement - Report 1'!G7 -> 4.492529 | H8: ='Abatement - Report 1'!H7 -> 0.17131219 | I8: ='Abatement - Report 1'!I7 -> 64.221093 | J8: 15.2929 | K8: 1.8717138 | L8: 236.35674 | M8: 23.247 | N8: 3.3669807 | O8: 366.47451 | P8: 34.431617 | Q8: 6.2363016 | R8: 559.99723 | S8: =STE_CEA_01!E90 -> 38.837186 | T8: =STE_CEA_01!F90 -> 7.4784789 | U8: =(T8+S8)*C8 -> 637.76671 | V8: =STE_CEA_01!E102 -> 43.347083 | W8: =STE_CEA_01!F102 -> 8.5966302 | X8: =(W8+V8)*C8 -> 715.26493 | Y8: =STE_CEA_01!E114 -> 47.219661 | Z8: =STE_CEA_01!F114 -> 9.6093875 | AA8: =(Z8+Y8)*C8 -> 782.53599 | AB8: =STE_CEA_01!E126 -> 50.703374 | AC8: =STE_CEA_01!F126 -> 10.522407 | AD8: =(AC8+AB8)*C8 -> 843.07901 | AI8: =SUM(AD8:AD10)-SUM(AA8:AA10) -> 459.91368 | AJ8: =AI8*(44/12) -> 1686.3502 | AK8: =SUM(AD5:AD10)-SUM(AA5:AA10) -> 552.33162 | AL8: =AI8/$AK$8 -> 0.83267672 | AN8: =$AM$4*AL8 -> 1656.5085
A9: STE_CEA_02 | B9: Mixed species environmental planting - temperate | C9: ='CEA Attributes'!D5 -> 24.62 | D9: 0 | E9: 0 | F9: =(D9+E9)*C9 -> 0 | G9: ='Abatement - Report 1'!G8 -> 4.5082506 | H9: ='Abatement - Report 1'!H8 -> 0.17253132 | I9: ='Abatement - Report 1'!I8 -> 115.24085 | J9: 15.337401 | K9: 1.8790375 | L9: 423.86873 | M9: 23.310063 | N9: 3.3806721 | O9: 657.1259 | P9: 34.520037 | Q9: 6.2648943 | R9: 1004.125 | S9: =STE_CEA_02!E90 -> 38.935505 | T9: =STE_CEA_02!F90 -> 7.5147016 | U9: =(T9+S9)*C9 -> 1143.6041 | V9: =STE_CEA_02!E102 -> 43.455543 | W9: =STE_CEA_02!F102 -> 8.6402691 | X9: =(W9+V9)*C9 -> 1282.5989 | Y9: =STE_CEA_02!E114 -> 47.336821 | Z9: =STE_CEA_02!F114 -> 9.6601315 | AA9: =(Z9+Y9)*C9 -> 1403.265 | AB9: =STE_CEA_02!E126 -> 50.828374 | AC9: =STE_CEA_02!F126 -> 10.579838 | AD9: =(AC9+AB9)*C9 -> 1511.8702 | AN9: =SUM(AN5:AN8) -> 1989.3777
A10: STE_CEA_03 | B10: Mixed species environmental planting - temperate | C10: ='CEA Attributes'!E5 -> 66.16 | D10: 0 | E10: 0 | F10: =(D10+E10)*C10 -> 0 | G10: ='Abatement - Report 1'!G9 -> 4.4925867 | H10: ='Abatement - Report 1'!H9 -> 0.17205496 | I10: ='Abatement - Report 1'!I9 -> 308.61269 | J10: 15.28149 | K10: 1.8723688 | L10: 1134.8993 | M10: 23.224519 | N10: 3.3684945 | O10: 1759.3938 | P10: 34.39283 | Q10: 6.2420985 | R10: 2688.4069 | S10: =STE_CEA_03!E90 -> 38.791888 | T10: =STE_CEA_03!F90 -> 7.4872964 | U10: =(T10+S10)*C10 -> 3061.8308 | V10: =STE_CEA_03!E102 -> 43.295126 | W10: =STE_CEA_03!F102 -> 8.6087093 | X10: =(W10+V10)*C10 -> 3433.9577 | Y10: =STE_CEA_03!E114 -> 47.161979 | Z10: =STE_CEA_03!F114 -> 9.6248044 | AA10: =(Z10+Y10)*C10 -> 3757.0136 | AB10: =STE_CEA_03!E126 -> 50.640555 | AC10: =STE_CEA_03!F126 -> 10.541112 | AD10: =(AC10+AB10)*C10 -> 4047.7791
E13: Initial carbon stock CN (tCO2e) | F13: =SUM(F5:F10)*44/12 -> 3.891384 | H13: End carbon stock CP (tCO2e) | I13: =SUM(I5:I10)*44/12 -> 1979.5785 | K13: End carbon stock CP (tCO2e) | L13: 7462.1223 | N13: End carbon stock CP (tCO2e) | O13: 11808.354 | Q13: End carbon stock CP (tCO2e) | R13: =SUM(R5:R10)*44/12 -> 17886.024 | T13: End carbon stock CP (tCO2e) | U13: =SUM(U5:U10)*44/12 -> 20388.824 | W13: End carbon stock CP (tCO2e) | X13: =SUM(X5:X10)*44/12 -> 22822.143 | Z13: End carbon stock CP (tCO2e) | AA13: =SUM(AA5:AA10)*44/12 -> 24934.473 | AC13: End carbon stock CP (tCO2e) | AD13: =SUM(AD5:AD10)*44/12 -> 26959.689
E14: (Equation 11a) | H14: Equation 11b | K14: Equation 11b | N14: Equation 11b | Q14: Equation 11b | T14: Equation 11b | W14: Equation 11b | Z14: Equation 11b | AC14: Equation 11b
E16: Carbon stock change for project (tCO2-e) (5.8 (b)) | AA16: =AA13-$F13 -> 24930.582 | AC16: Total CO2 reduction to end of 2024: | AD16: =AD13-$F13 -> 26955.798
AA21: =AA13-X13 -> 2112.3301 | AC21: t CO2 sequestered in 2024: | AD21: =AD13-AA13 -> 2025.216

Sheet Abatement - Report 7
A2: Division 5.4; Section 5.8(b)
F3: Equation 12a | G3: 2016 - Report 1 | I3: Equation 12b | J3: 2017 - Report 2 | L3: Equation 12b | M3: 2018 - Report 3 | O3: Equation 12b | P3: 2020 - Report 4 | R3: Equation 12b | S3: 2021 - Report 5 | U3: Equation 12b | V3: 2022 - Report 6 | X3: Equation 12b | Y3: 2023 - Report 7 | AA3: Equation 12b | AG3: Area | AH3: Net abatement
A4: CEA Name | B4: FullCAM calibration used | C4: CEA area (ha) | D4: Initial carbon mass trees - CDt (t C /ha) | E4: Initial carbon mass debris - CDd (t C /ha) | F4: Initial carbon mass - CD (t C) | G4: End carbon mass trees - Ct (t C /ha) | H4: End carbon mass debris - Cd (t C /ha) | I4: End carbon mass - C (t C) | J4: End carbon mass trees - Ct (t C /ha) | K4: End carbon mass debris - Cd (t C /ha) | L4: End carbon mass - C (t C) | M4: End carbon mass trees - Ct (t C /ha) | N4: End carbon mass debris - Cd (t C /ha) | O4: End carbon mass - C (t C) | P4: End carbon mass trees - Ct (t C /ha) | Q4: End carbon mass debris - Cd (t C /ha) | R4: End carbon mass - C (t C) | S4: End carbon mass trees - Ct (t C /ha) | T4: End carbon mass debris - Cd (t C /ha) | U4: End carbon mass - C (t C) | V4: End carbon mass trees - Ct (t C /ha) | W4: End carbon mass debris - Cd (t C /ha) | X4: End carbon mass - C (t C) | Y4: End carbon mass trees - Ct (t C /ha) | Z4: End carbon mass debris - Cd (t C /ha) | AA4: End carbon mass - C (t C) | AD4: Carbon stock change | AG4: 6063.66 | AH4: ='Net Abatement'!C11 -> 1989.3777 | AI4: Splits
A5: JIN_CEA_01 | B5: Mixed species environmental planting - temperate | C5: ='CEA Attributes'!F5 -> 8.76 | D5: 0 | E5: 0 | F5: =(D5+E5)*C5 -> 0 | G5: ='Abatement - Report 1'!G4 -> 1.2359209 | H5: ='Abatement - Report 1'!H4 -> 0.071879623 | I5: ='Abatement - Report 1'!I4 -> 11.456333 | J5: 18.665416 | K5: 1.8858156 | L5: 180.02879 | M5: 36.533445 | N5: 4.3853774 | O5: 358.44889 | P5: 49.303557 | Q5: 8.5171658 | R5: 506.50953 | S5: =JIN_CEA_01!E91 -> 56.138794 | T5: =JIN_CEA_01!F91 -> 10.672327 | U5: =(T5+S5)*C5 -> 585.26542 | V5: =JIN_CEA_01!E103 -> 60.67404 | W5: =JIN_CEA_01!F103 -> 12.497611 | X5: =(W5+V5)*C5 -> 640.98366 | Y5: =JIN_CEA_01!E115 -> 64.975261 | Z5: =JIN_CEA_01!F115 -> 14.058257 | AA5: =(Z5+Y5)*C5 -> 692.33362 | AD5: =AA5-X5 -> 51.349958 | AE5: =AD5*(44/12) -> 188.28318 | AG5: =AD5/$AF$8 -> 0.089135301 | AH5: =AG5*$AG$4 -> 540.48616 | AI5: =$AH$4*AG5 -> 177.32378
A6: HID_CEA_01 | B6: Mixed species environmental planting - temperate | C6: ='CEA Attributes'!G5 -> 2.7 | D6: 0 | E6: 0 | F6: =(D6+E6)*C6 -> 0 | G6: ='Abatement - Report 1'!G5 -> 8.6244366 | H6: ='Abatement - Report 1'!H5 -> 1.1639746 | I6: ='Abatement - Report 1'!I5 -> 26.42871 | J6: 11.392651 | K6: 2.1026674 | L6: 36.43736 | M6: 15.008508 | N6: 2.815663 | O6: 48.12526 | P6: 20.333943 | Q6: 4.1384045 | R6: 66.075338 | S6: =HID_CEA_01!E129 -> 22.545254 | T6: =HID_CEA_01!F129 -> 2.1788461 | U6: =(T6+S6)*C6 -> 66.755071 | V6: =HID_CEA_01!E141 -> 24.404294 | W6: =HID_CEA_01!F141 -> 3.2140433 | X6: =(W6+V6)*C6 -> 74.569511 | Y6: =HID_CEA_01!E153 -> 26.342407 | Z6: =HID_CEA_01!F153 -> 4.0858451 | AA6: =(Z6+Y6)*C6 -> 82.15628 | AD6: =AA6-X6 -> 7.5867693 | AE6: =AD6*(44/12) -> 27.818154 | AG6: =AD6/$AF$8 -> 0.013169416 | AH6: =AG6*$AG$4 -> 79.854862 | AI6: =$AH$4*AG6 -> 26.198943
A7: LIS_CEA_01 | B7: Mixed species environmental planting - temperate | C7: ='CEA Attributes'!H5 -> 3.24 | D7: =LIS_CEA_01!E20 -> 0.29377931 | E7: =LIS_CEA_01!F20 -> 0.033778268 | F7: =(D7+E7)*C7 -> 1.0612866 | G7: ='Abatement - Report 1'!G6 -> 3.6519413 | H7: ='Abatement - Report 1'!H6 -> 0.64600861 | I7: ='Abatement - Report 1'!I6 -> 13.925358 | J7: 6.0646123 | K7: 1.1987738 | L7: 23.533371 | M7: 7.8642871 | N7: 1.6702547 | O7: 30.891915 | P7: 13.213963 | Q7: 3.1108819 | R7: 52.892496 | S7: =LIS_CEA_01!E146 -> 16.4708 | T7: =LIS_CEA_01!F146 -> 3.7039664 | U7: =(T7+S7)*C7 -> 65.366242 | V7: =LIS_CEA_01!E158 -> 19.424544 | W7: =LIS_CEA_01!F158 -> 4.2933919 | X7: =(W7+V7)*C7 -> 76.846112 | Y7: =LIS_CEA_01!E170 -> 20.78958 | Z7: =LIS_CEA_01!F170 -> 4.8296846 | AA7: =(Z7+Y7)*C7 -> 83.006417 | AD7: =AA7-X7 -> 6.1603042 | AE7: =AD7*(44/12) -> 22.587782 | AG7: =AD7/$AF$8 -> 0.010693301 | AH7: =AG7*$AG$4 -> 64.840542 | AI7: =$AH$4*AG7 -> 21.273015
A8: STE_CEA_01 | B8: Mixed species environmental planting - temperate | C8: ='CEA Attributes'!C5 -> 13.77 | D8: 0 | E8: 0 | F8: =(D8+E8)*C8 -> 0 | G8: ='Abatement - Report 1'!G7 -> 4.492529 | H8: ='Abatement - Report 1'!H7 -> 0.17131219 | I8: ='Abatement - Report 1'!I7 -> 64.221093 | J8: 15.2929 | K8: 1.8717138 | L8: 236.35674 | M8: 23.247 | N8: 3.3669807 | O8: 366.47451 | P8: 34.431617 | Q8: 6.2363016 | R8: 559.99723 | S8: =STE_CEA_01!E90 -> 38.837186 | T8: =STE_CEA_01!F90 -> 7.4784789 | U8: =(T8+S8)*C8 -> 637.76671 | V8: =STE_CEA_01!E102 -> 43.347083 | W8: =STE_CEA_01!F102 -> 8.5966302 | X8: =(W8+V8)*C8 -> 715.26493 | Y8: =STE_CEA_01!E114 -> 47.219661 | Z8: =STE_CEA_01!F114 -> 9.6093875 | AA8: =(Z8+Y8)*C8 -> 782.53599 | AD8: =SUM(AA8:AA10)-SUM(X8:X10) -> 510.993 | AE8: =AD8*(44/12) -> 1873.641 | AF8: =SUM(AA5:AA10)-SUM(X5:X10) -> 576.09003 | AG8: =AD8/$AF$8 -> 0.88700198 | AH8: =AG8*$AG$4 -> 5378.4784 | AI8: =$AH$4*AG8 -> 1764.582
A9: STE_CEA_02 | B9: Mixed species environmental planting - temperate | C9: ='CEA Attributes'!D5 -> 24.62 | D9: 0 | E9: 0 | F9: =(D9+E9)*C9 -> 0 | G9: ='Abatement - Report 1'!G8 -> 4.5082506 | H9: ='Abatement - Report 1'!H8 -> 0.17253132 | I9: ='Abatement - Report 1'!I8 -> 115.24085 | J9: 15.337401 | K9: 1.8790375 | L9: 423.86873 | M9: 23.310063 | N9: 3.3806721 | O9: 657.1259 | P9: 34.520037 | Q9: 6.2648943 | R9: 1004.125 | S9: =STE_CEA_02!E90 -> 38.935505 | T9: =STE_CEA_02!F90 -> 7.5147016 | U9: =(T9+S9)*C9 -> 1143.6041 | V9: =STE_CEA_02!E102 -> 43.455543 | W9: =STE_CEA_02!F102 -> 8.6402691 | X9: =(W9+V9)*C9 -> 1282.5989 | Y9: =STE_CEA_02!E114 -> 47.336821 | Z9: =STE_CEA_02!F114 -> 9.6601315 | AA9: =(Z9+Y9)*C9 -> 1403.265 | AI9: =SUM(AI5:AI8) -> 1989.3777
A10: STE_CEA_03 | B10: Mixed species environmental planting - temperate | C10: ='CEA Attributes'!E5 -> 66.16 | D10: 0 | E10: 0 | F10: =(D10+E10)*C10 -> 0 | G10: ='Abatement - Report 1'!G9 -> 4.4925867 | H10: ='Abatement - Report 1'!H9 -> 0.17205496 | I10: ='Abatement - Report 1'!I9 -> 308.61269 | J10: 15.28149 | K10: 1.8723688 | L10: 1134.8993 | M10: 23.224519 | N10: 3.3684945 | O10: 1759.3938 | P10: 34.39283 | Q10: 6.2420985 | R10: 2688.4069 | S10: =STE_CEA_03!E90 -> 38.791888 | T10: =STE_CEA_03!F90 -> 7.4872964 | U10: =(T10+S10)*C10 -> 3061.8308 | V10: =STE_CEA_03!E102 -> 43.295126 | W10: =STE_CEA_03!F102 -> 8.6087093 | X10: =(W10+V10)*C10 -> 3433.9577 | Y10: =STE_CEA_03!E114 -> 47.161979 | Z10: =STE_CEA_03!F114 -> 9.6248044 | AA10: =(Z10+Y10)*C10 -> 3757.0136
E13: Initial carbon stock CN (tCO2e) | F13: =SUM(F5:F10)*44/12 -> 3.891384 | H13: End carbon stock CP (tCO2e) | I13: =SUM(I5:I10)*44/12 -> 1979.5785 | K13: End carbon stock CP (tCO2e) | L13: 7462.1223 | N13: End carbon stock CP (tCO2e) | O13: 11808.354 | Q13: End carbon stock CP (tCO2e) | R13: =SUM(R5:R10)*44/12 -> 17886.024 | T13: End carbon stock CP (tCO2e) | U13: =SUM(U5:U10)*44/12 -> 20388.824 | W13: End carbon stock CP (tCO2e) | X13: =SUM(X5:X10)*44/12 -> 22822.143 | Z13: End carbon stock CP (tCO2e) | AA13: =SUM(AA5:AA10)*44/12 -> 24934.473
E14: (Equation 11a) | H14: Equation 11b | K14: Equation 11b | N14: Equation 11b | Q14: Equation 11b | T14: Equation 11b | W14: Equation 11b | Z14: Equation 11b
E16: Carbon stock change for project (tCO2-e) (5.8 (b)) | AA16: =AA13-F13 -> 24930.582
AA21: =AA13-X13 -> 2112.3301
Q32: =576*44/12 -> 2112

Sheet Abatement - Report 6
A2: Division 5.4; Section 5.8(b)
F3: Equation 12a | G3: 2016 - Report 1 | I3: Equation 12b | J3: 2017 - Report 2 | L3: Equation 12b | M3: 2018 - Report 3 | O3: Equation 12b | P3: 2020 - Report 4 | R3: Equation 12b | S3: 2021 - Report 5 | U3: Equation 12b | V3: 2022 - Report 6 | X3: Equation 12b | AD3: Area | AE3: Net abatement
A4: CEA Name | B4: FullCAM calibration used | C4: CEA area (ha) | D4: Initial carbon mass trees - CDt (t C /ha) | E4: Initial carbon mass debris - CDd (t C /ha) | F4: Initial carbon mass - CD (t C) | G4: End carbon mass trees - Ct (t C /ha) | H4: End carbon mass debris - Cd (t C /ha) | I4: End carbon mass - C (t C) | J4: End carbon mass trees - Ct (t C /ha) | K4: End carbon mass debris - Cd (t C /ha) | L4: End carbon mass - C (t C) | M4: End carbon mass trees - Ct (t C /ha) | N4: End carbon mass debris - Cd (t C /ha) | O4: End carbon mass - C (t C) | P4: End carbon mass trees - Ct (t C /ha) | Q4: End carbon mass debris - Cd (t C /ha) | R4: End carbon mass - C (t C) | S4: End carbon mass trees - Ct (t C /ha) | T4: End carbon mass debris - Cd (t C /ha) | U4: End carbon mass - C (t C) | V4: End carbon mass trees - Ct (t C /ha) | W4: End carbon mass debris - Cd (t C /ha) | X4: End carbon mass - C (t C) | AA4: Carbon stock change | AD4: 6063.66 | AE4: ='Net Abatement'!C11 -> 1989.3777 | AF4: Splits
A5: JIN_CEA_01 | B5: Mixed species environmental planting - temperate | C5: ='CEA Attributes'!F5 -> 8.76 | D5: 0 | E5: 0 | F5: =(D5+E5)*C5 -> 0 | G5: ='Abatement - Report 1'!G4 -> 1.2359209 | H5: ='Abatement - Report 1'!H4 -> 0.071879623 | I5: ='Abatement - Report 1'!I4 -> 11.456333 | J5: 18.665416 | K5: 1.8858156 | L5: 180.02879 | M5: 36.533445 | N5: 4.3853774 | O5: 358.44889 | P5: 49.303557 | Q5: 8.5171658 | R5: 506.50953 | S5: =JIN_CEA_01!E91 -> 56.138794 | T5: =JIN_CEA_01!F91 -> 10.672327 | U5: =(T5+S5)*C5 -> 585.26542 | V5: =JIN_CEA_01!E103 -> 60.67404 | W5: =JIN_CEA_01!F103 -> 12.497611 | X5: =(W5+V5)*C5 -> 640.98366 | AA5: =X5-U5 -> 55.71824 | AB5: =AA5*(44/12) -> 204.30021 | AD5: =AA5/$AC$8 -> 0.083959487 | AE5: =AD5*$AD$4 -> 509.10178 | AF5: =$AE$4*AD5 -> 167.02713
A6: HID_CEA_01 | B6: Mixed species environmental planting - temperate | C6: ='CEA Attributes'!G5 -> 2.7 | D6: 0 | E6: 0 | F6: =(D6+E6)*C6 -> 0 | G6: ='Abatement - Report 1'!G5 -> 8.6244366 | H6: ='Abatement - Report 1'!H5 -> 1.1639746 | I6: ='Abatement - Report 1'!I5 -> 26.42871 | J6: 11.392651 | K6: 2.1026674 | L6: 36.43736 | M6: 15.008508 | N6: 2.815663 | O6: 48.12526 | P6: 20.333943 | Q6: 4.1384045 | R6: 66.075338 | S6: =HID_CEA_01!E129 -> 22.545254 | T6: =HID_CEA_01!F129 -> 2.1788461 | U6: =(T6+S6)*C6 -> 66.755071 | V6: =HID_CEA_01!E141 -> 24.404294 | W6: =HID_CEA_01!F141 -> 3.2140433 | X6: =(W6+V6)*C6 -> 74.569511 | AA6: =X6-U6 -> 7.8144391 | AB6: =AA6*(44/12) -> 28.652943 | AD6: =AA6/$AC$8 -> 0.011775252 | AE6: =AD6*$AD$4 -> 71.401122 | AF6: =$AE$4*AD6 -> 23.425423
A7: LIS_CEA_01 | B7: Mixed species environmental planting - temperate | C7: ='CEA Attributes'!H5 -> 3.24 | D7: =LIS_CEA_01!E20 -> 0.29377931 | E7: =LIS_CEA_01!F20 -> 0.033778268 | F7: =(D7+E7)*C7 -> 1.0612866 | G7: ='Abatement - Report 1'!G6 -> 3.6519413 | H7: ='Abatement - Report 1'!H6 -> 0.64600861 | I7: ='Abatement - Report 1'!I6 -> 13.925358 | J7: 6.0646123 | K7: 1.1987738 | L7: 23.533371 | M7: 7.8642871 | N7: 1.6702547 | O7: 30.891915 | P7: 13.213963 | Q7: 3.1108819 | R7: 52.892496 | S7: =LIS_CEA_01!E146 -> 16.4708 | T7: =LIS_CEA_01!F146 -> 3.7039664 | U7: =(T7+S7)*C7 -> 65.366242 | V7: =LIS_CEA_01!E158 -> 19.424544 | W7: =LIS_CEA_01!F158 -> 4.2933919 | X7: =(W7+V7)*C7 -> 76.846112 | AA7: =X7-U7 -> 11.47987 | AB7: =AA7*(44/12) -> 42.092857 | AD7: =AA7/$AC$8 -> 0.017298536 | AE7: =AD7*$AD$4 -> 104.89244 | AF7: =$AE$4*AD7 -> 34.413322
A8: STE_CEA_01 | B8: Mixed species environmental planting - temperate | C8: ='CEA Attributes'!C5 -> 13.77 | D8: 0 | E8: 0 | F8: =(D8+E8)*C8 -> 0 | G8: ='Abatement - Report 1'!G7 -> 4.492529 | H8: ='Abatement - Report 1'!H7 -> 0.17131219 | I8: ='Abatement - Report 1'!I7 -> 64.221093 | J8: 15.2929 | K8: 1.8717138 | L8: 236.35674 | M8: 23.247 | N8: 3.3669807 | O8: 366.47451 | P8: 34.431617 | Q8: 6.2363016 | R8: 559.99723 | S8: =STE_CEA_01!E90 -> 38.837186 | T8: =STE_CEA_01!F90 -> 7.4784789 | U8: =(T8+S8)*C8 -> 637.76671 | V8: =STE_CEA_01!E102 -> 43.347083 | W8: =STE_CEA_01!F102 -> 8.5966302 | X8: =(W8+V8)*C8 -> 715.26493 | AA8: =SUM(X8:X10)-SUM(U8:U10) -> 588.61991 | AB8: =AA8*(44/12) -> 2158.273 | AC8: =SUM(X5:X10)-SUM(U5:U10) -> 663.63245 | AD8: =AA8/$AC$8 -> 0.88696673 | AE8: =AD8*$AD$4 -> 5378.2647 | AF8: =$AE$4*AD8 -> 1764.5118
A9: STE_CEA_02 | B9: Mixed species environmental planting - temperate | C9: ='CEA Attributes'!D5 -> 24.62 | D9: 0 | E9: 0 | F9: =(D9+E9)*C9 -> 0 | G9: ='Abatement - Report 1'!G8 -> 4.5082506 | H9: ='Abatement - Report 1'!H8 -> 0.17253132 | I9: ='Abatement - Report 1'!I8 -> 115.24085 | J9: 15.337401 | K9: 1.8790375 | L9: 423.86873 | M9: 23.310063 | N9: 3.3806721 | O9: 657.1259 | P9: 34.520037 | Q9: 6.2648943 | R9: 1004.125 | S9: =STE_CEA_02!E90 -> 38.935505 | T9: =STE_CEA_02!F90 -> 7.5147016 | U9: =(T9+S9)*C9 -> 1143.6041 | V9: =STE_CEA_02!E102 -> 43.455543 | W9: =STE_CEA_02!F102 -> 8.6402691 | X9: =(W9+V9)*C9 -> 1282.5989 | AF9: =SUM(AF5:AF8) -> 1989.3777
A10: STE_CEA_03 | B10: Mixed species environmental planting - temperate | C10: ='CEA Attributes'!E5 -> 66.16 | D10: 0 | E10: 0 | F10: =(D10+E10)*C10 -> 0 | G10: ='Abatement - Report 1'!G9 -> 4.4925867 | H10: ='Abatement - Report 1'!H9 -> 0.17205496 | I10: ='Abatement - Report 1'!I9 -> 308.61269 | J10: 15.28149 | K10: 1.8723688 | L10: 1134.8993 | M10: 23.224519 | N10: 3.3684945 | O10: 1759.3938 | P10: 34.39283 | Q10: 6.2420985 | R10: 2688.4069 | S10: =STE_CEA_03!E90 -> 38.791888 | T10: =STE_CEA_03!F90 -> 7.4872964 | U10: =(T10+S10)*C10 -> 3061.8308 | V10: =STE_CEA_03!E102 -> 43.295126 | W10: =STE_CEA_03!F102 -> 8.6087093 | X10: =(W10+V10)*C10 -> 3433.9577
E13: Initial carbon stock CN (tCO2e) | F13: =SUM(F5:F10)*44/12 -> 3.891384 | H13: End carbon stock CP (tCO2e) | I13: =SUM(I5:I10)*44/12 -> 1979.5785 | K13: End carbon stock CP (tCO2e) | L13: 7462.1223 | N13: End carbon stock CP (tCO2e) | O13: 11808.354 | Q13: End carbon stock CP (tCO2e) | R13: =SUM(R5:R10)*44/12 -> 17886.024 | T13: End carbon stock CP (tCO2e) | U13: =SUM(U5:U10)*44/12 -> 20388.824 | W13: End carbon stock CP (tCO2e) | X13: =SUM(X5:X10)*44/12 -> 22822.143
E14: (Equation 11a) | H14: Equation 11b | K14: Equation 11b | N14: Equation 11b | Q14: Equation 11b | T14: Equation 11b | W14: Equation 11b
E16: Carbon stock change for project (tCO2-e) (5.8 (b)) | X16: =X13-F13 -> 22818.252
X21: =X13-U13 -> 2433.319

Sheet Abatement - Report 5
A2: Division 5.4; Section 5.8(b)
F3: Equation 12a | G3: 2016 - Report 1 | I3: Equation 12b | J3: 2017 - Report 2 | L3: Equation 12b | M3: 2018 - Report 3 | O3: Equation 12b | P3: 2020 - Report 4 | R3: Equation 12b | S3: 2021 - Report 5 | U3: Equation 12b | Z3: Area | AA3: Net abatement
A4: CEA Name | B4: FullCAM calibration used | C4: CEA area (ha) | D4: Initial carbon mass trees - CDt (t C /ha) | E4: Initial carbon mass debris - CDd (t C /ha) | F4: Initial carbon mass - CD (t C) | G4: End carbon mass trees - Ct (t C /ha) | H4: End carbon mass debris - Cd (t C /ha) | I4: End carbon mass - C (t C) | J4: End carbon mass trees - Ct (t C /ha) | K4: End carbon mass debris - Cd (t C /ha) | L4: End carbon mass - C (t C) | M4: End carbon mass trees - Ct (t C /ha) | N4: End carbon mass debris - Cd (t C /ha) | O4: End carbon mass - C (t C) | P4: End carbon mass trees - Ct (t C /ha) | Q4: End carbon mass debris - Cd (t C /ha) | R4: End carbon mass - C (t C) | S4: End carbon mass trees - Ct (t C /ha) | T4: End carbon mass debris - Cd (t C /ha) | U4: End carbon mass - C (t C) | W4: Carbon stock change | Z4: 6063.66 | AA4: ='Net Abatement'!C11 -> 1989.3777 | AB4: Splits
A5: JIN_CEA_01 | B5: Mixed species environmental planting - temperate | C5: ='CEA Attributes'!F5 -> 8.76 | D5: 0 | E5: 0 | F5: =(D5+E5)*C5 -> 0 | G5: ='Abatement - Report 1'!G4 -> 1.2359209 | H5: ='Abatement - Report 1'!H4 -> 0.071879623 | I5: ='Abatement - Report 1'!I4 -> 11.456333 | J5: 18.665416 | K5: 1.8858156 | L5: 180.02879 | M5: 36.533445 | N5: 4.3853774 | O5: 358.44889 | P5: 49.303557 | Q5: 8.5171658 | R5: 506.50953 | S5: =JIN_CEA_01!E91 -> 56.138794 | T5: =JIN_CEA_01!F91 -> 10.672327 | U5: =(T5+S5)*C5 -> 585.26542 | W5: =U5-R5 -> 78.755889 | X5: =W5*(44/12) -> 288.77159 | Z5: =W5/$Y$8 -> 0.1153794 | AA5: =Z5*$Z$4 -> 699.62144 | AB5: =$AA$4*Z5 -> 229.5332
A6: HID_CEA_01 | B6: Mixed species environmental planting - temperate | C6: ='CEA Attributes'!G5 -> 2.7 | D6: 0 | E6: 0 | F6: =(D6+E6)*C6 -> 0 | G6: ='Abatement - Report 1'!G5 -> 8.6244366 | H6: ='Abatement - Report 1'!H5 -> 1.1639746 | I6: ='Abatement - Report 1'!I5 -> 26.42871 | J6: 11.392651 | K6: 2.1026674 | L6: 36.43736 | M6: 15.008508 | N6: 2.815663 | O6: 48.12526 | P6: 20.333943 | Q6: 4.1384045 | R6: 66.075338 | S6: =HID_CEA_01!E129 -> 22.545254 | T6: =HID_CEA_01!F129 -> 2.1788461 | U6: =(T6+S6)*C6 -> 66.755071 | W6: =U6-R6 -> 0.67973297 | X6: =W6*(44/12) -> 2.4923542 | Z6: =W6/$Y$8 -> 0.00099582624 | AA6: =Z6*$Z$4 -> 6.0383518 | AB6: =$AA$4*Z6 -> 1.9810745
A7: LIS_CEA_01 | B7: Mixed species environmental planting - temperate | C7: ='CEA Attributes'!H5 -> 3.24 | D7: =LIS_CEA_01!E20 -> 0.29377931 | E7: =LIS_CEA_01!F20 -> 0.033778268 | F7: =(D7+E7)*C7 -> 1.0612866 | G7: ='Abatement - Report 1'!G6 -> 3.6519413 | H7: ='Abatement - Report 1'!H6 -> 0.64600861 | I7: ='Abatement - Report 1'!I6 -> 13.925358 | J7: 6.0646123 | K7: 1.1987738 | L7: 23.533371 | M7: 7.8642871 | N7: 1.6702547 | O7: 30.891915 | P7: 13.213963 | Q7: 3.1108819 | R7: 52.892496 | S7: =LIS_CEA_01!E146 -> 16.4708 | T7: =LIS_CEA_01!F146 -> 3.7039664 | U7: =(T7+S7)*C7 -> 65.366242 | W7: =U7-R7 -> 12.473746 | X7: =W7*(44/12) -> 45.737069 | Z7: =W7/$Y$8 -> 0.018274358 | AA7: =Z7*$Z$4 -> 110.80949 | AB7: =$AA$4*Z7 -> 36.354601
A8: STE_CEA_01 | B8: Mixed species environmental planting - temperate | C8: ='CEA Attributes'!C5 -> 13.77 | D8: 0 | E8: 0 | F8: =(D8+E8)*C8 -> 0 | G8: ='Abatement - Report 1'!G7 -> 4.492529 | H8: ='Abatement - Report 1'!H7 -> 0.17131219 | I8: ='Abatement - Report 1'!I7 -> 64.221093 | J8: 15.2929 | K8: 1.8717138 | L8: 236.35674 | M8: 23.247 | N8: 3.3669807 | O8: 366.47451 | P8: 34.431617 | Q8: 6.2363016 | R8: 559.99723 | S8: =STE_CEA_01!E90 -> 38.837186 | T8: =STE_CEA_01!F90 -> 7.4784789 | U8: =(T8+S8)*C8 -> 637.76671 | W8: =SUM(U8:U10)-SUM(R8:R10) -> 590.67254 | X8: =W8*(44/12) -> 2165.7993 | Y8: =SUM(U5:U10)-SUM(R5:R10) -> 682.5819 | Z8: =W8/$Y$8 -> 0.86535042 | AA8: =Z8*$Z$4 -> 5247.1907 | AB8: =$AA$4*Z8 -> 1721.5088
A9: STE_CEA_02 | B9: Mixed species environmental planting - temperate | C9: ='CEA Attributes'!D5 -> 24.62 | D9: 0 | E9: 0 | F9: =(D9+E9)*C9 -> 0 | G9: ='Abatement - Report 1'!G8 -> 4.5082506 | H9: ='Abatement - Report 1'!H8 -> 0.17253132 | I9: ='Abatement - Report 1'!I8 -> 115.24085 | J9: 15.337401 | K9: 1.8790375 | L9: 423.86873 | M9: 23.310063 | N9: 3.3806721 | O9: 657.1259 | P9: 34.520037 | Q9: 6.2648943 | R9: 1004.125 | S9: =STE_CEA_02!E90 -> 38.935505 | T9: =STE_CEA_02!F90 -> 7.5147016 | U9: =(T9+S9)*C9 -> 1143.6041 | AB9: =SUM(AB5:AB8) -> 1989.3777
A10: STE_CEA_03 | B10: Mixed species environmental planting - temperate | C10: ='CEA Attributes'!E5 -> 66.16 | D10: 0 | E10: 0 | F10: =(D10+E10)*C10 -> 0 | G10: ='Abatement - Report 1'!G9 -> 4.4925867 | H10: ='Abatement - Report 1'!H9 -> 0.17205496 | I10: ='Abatement - Report 1'!I9 -> 308.61269 | J10: 15.28149 | K10: 1.8723688 | L10: 1134.8993 | M10: 23.224519 | N10: 3.3684945 | O10: 1759.3938 | P10: 34.39283 | Q10: 6.2420985 | R10: 2688.4069 | S10: =STE_CEA_03!E90 -> 38.791888 | T10: =STE_CEA_03!F90 -> 7.4872964 | U10: =(T10+S10)*C10 -> 3061.8308
E13: Initial carbon stock CN (tCO2e) | F13: =SUM(F5:F10)*44/12 -> 3.891384 | H13: End carbon stock CP (tCO2e) | I13: =SUM(I5:I10)*44/12 -> 1979.5785 | K13: End carbon stock CP (tCO2e) | L13: 7462.1223 | N13: End carbon stock CP (tCO2e) | O13: 11808.354 | Q13: End carbon stock CP (tCO2e) | R13: =SUM(R5:R10)*44/12 -> 17886.024 | T13: End carbon stock CP (tCO2e) | U13: =SUM(U5:U10)*44/12 -> 20388.824
E14: (Equation 11a) | H14: Equation 11b | K14: Equation 11b | N14: Equation 11b | Q14: Equation 11b | T14: Equation 11b
E16: Carbon stock change for project (tCO2-e) (5.8 (b)) | U16: =U13-F13 -> 20384.933
U21: =U13-R13 -> 2502.8003

Sheet Abatement - Report 4
A2: Division 5.4; Section 5.8(b)
F3: Equation 12a | G3: 2016 - Report 1 | I3: Equation 12b | J3: 2017 - Report 2 | L3: Equation 12b | M3: 2018 - Report 3 | O3: Equation 12b | P3: 2020 - Report 4 | R3: Equation 12b
A4: CEA Name | B4: FullCAM calibration used | C4: CEA area (ha) | D4: Initial carbon mass trees - CDt (t C /ha) | E4: Initial carbon mass debris - CDd (t C /ha) | F4: Initial carbon mass - CD (t C) | G4: End carbon mass trees - Ct (t C /ha) | H4: End carbon mass debris - Cd (t C /ha) | I4: End carbon mass - C (t C) | J4: End carbon mass trees - Ct (t C /ha) | K4: End carbon mass debris - Cd (t C /ha) | L4: End carbon mass - C (t C) | M4: End carbon mass trees - Ct (t C /ha) | N4: End carbon mass debris - Cd (t C /ha) | O4: End carbon mass - C (t C) | P4: End carbon mass trees - Ct (t C /ha) | Q4: End carbon mass debris - Cd (t C /ha) | R4: End carbon mass - C (t C) | W4: 6063.66 | X4: 4547
A5: JIN_CEA_01 | B5: Mixed species environmental planting - temperate | C5: ='CEA Attributes'!F5 -> 8.76 | D5: 0 | E5: 0 | F5: =(D5+E5)*C5 -> 0 | G5: ='Abatement - Report 1'!G4 -> 1.2359209 | H5: ='Abatement - Report 1'!H4 -> 0.071879623 | I5: ='Abatement - Report 1'!I4 -> 11.456333 | J5: 18.665416 | K5: 1.8858156 | L5: 180.02879 | M5: 36.533445 | N5: 4.3853774 | O5: 358.44889 | P5: =JIN_CEA_01!E79 -> 49.303557 | Q5: =JIN_CEA_01!F79 -> 8.5171658 | R5: =(Q5+P5)*C5 -> 506.50953 | T5: =R5-O5 -> 148.06064 | U5: =T5*(44/12) -> 542.88901 | W5: =T5/$V$8 -> 0.089325196 | X5: =W5*$W$4 -> 541.63762 | Y5: =$X$4*W5 -> 406.16167
A6: HID_CEA_01 | B6: Mixed species environmental planting - temperate | C6: ='CEA Attributes'!G5 -> 2.7 | D6: 0 | E6: 0 | F6: =(D6+E6)*C6 -> 0 | G6: ='Abatement - Report 1'!G5 -> 8.6244366 | H6: ='Abatement - Report 1'!H5 -> 1.1639746 | I6: ='Abatement - Report 1'!I5 -> 26.42871 | J6: 11.392651 | K6: 2.1026674 | L6: 36.43736 | M6: 15.008508 | N6: 2.815663 | O6: 48.12526 | P6: =HID_CEA_01!E117 -> 20.333943 | Q6: =HID_CEA_01!F117 -> 4.1384045 | R6: =(Q6+P6)*C6 -> 66.075338 | T6: =R6-O6 -> 17.950078 | U6: =T6*(44/12) -> 65.816953 | W6: =T6/$V$8 -> 0.010829308 | X6: =W6*$W$4 -> 65.665241 | Y6: =$X$4*W6 -> 49.240863
A7: LIS_CEA_01 | B7: Mixed species environmental planting - temperate | C7: ='CEA Attributes'!H5 -> 3.24 | D7: =LIS_CEA_01!E20 -> 0.29377931 | E7: =LIS_CEA_01!F20 -> 0.033778268 | F7: =(D7+E7)*C7 -> 1.0612866 | G7: ='Abatement - Report 1'!G6 -> 3.6519413 | H7: ='Abatement - Report 1'!H6 -> 0.64600861 | I7: ='Abatement - Report 1'!I6 -> 13.925358 | J7: 6.0646123 | K7: 1.1987738 | L7: 23.533371 | M7: 7.8642871 | N7: 1.6702547 | O7: 30.891915 | P7: =LIS_CEA_01!E134 -> 13.213963 | Q7: =LIS_CEA_01!F134 -> 3.1108819 | R7: =(Q7+P7)*C7 -> 52.892496 | T7: =R7-O7 -> 22.000581 | U7: =T7*(44/12) -> 80.668796 | W7: =T7/$V$8 -> 0.013272982 | X7: =W7*$W$4 -> 80.48285 | Y7: =$X$4*W7 -> 60.352249
A8: STE_CEA_01 | B8: Mixed species environmental planting - temperate | C8: ='CEA Attributes'!C5 -> 13.77 | D8: 0 | E8: 0 | F8: =(D8+E8)*C8 -> 0 | G8: ='Abatement - Report 1'!G7 -> 4.492529 | H8: ='Abatement - Report 1'!H7 -> 0.17131219 | I8: ='Abatement - Report 1'!I7 -> 64.221093 | J8: 15.2929 | K8: 1.8717138 | L8: 236.35674 | M8: 23.247 | N8: 3.3669807 | O8: 366.47451 | P8: =STE_CEA_01!E78 -> 34.431617 | Q8: =STE_CEA_01!F78 -> 6.2363016 | R8: =(Q8+P8)*C8 -> 559.99723 | T8: =SUM(R8:R10)-SUM(O8:O10) -> 1469.5349 | U8: =T8*(44/12) -> 5388.2946 | V8: =SUM(R5:R10)-SUM(O5:O10) -> 1657.5462 | W8: =T8/$V$8 -> 0.88657251 | X8: =W8*$W$4 -> 5375.8743 | Y8: =$X$4*W8 -> 4031.2452
A9: STE_CEA_02 | B9: Mixed species environmental planting - temperate | C9: ='CEA Attributes'!D5 -> 24.62 | D9: 0 | E9: 0 | F9: =(D9+E9)*C9 -> 0 | G9: ='Abatement - Report 1'!G8 -> 4.5082506 | H9: ='Abatement - Report 1'!H8 -> 0.17253132 | I9: ='Abatement - Report 1'!I8 -> 115.24085 | J9: 15.337401 | K9: 1.8790375 | L9: 423.86873 | M9: 23.310063 | N9: 3.3806721 | O9: 657.1259 | P9: =STE_CEA_02!E78 -> 34.520037 | Q9: =STE_CEA_02!F78 -> 6.2648943 | R9: =(Q9+P9)*C9 -> 1004.125
A10: STE_CEA_03 | B10: Mixed species environmental planting - temperate | C10: ='CEA Attributes'!E5 -> 66.16 | D10: 0 | E10: 0 | F10: =(D10+E10)*C10 -> 0 | G10: ='Abatement - Report 1'!G9 -> 4.4925867 | H10: ='Abatement - Report 1'!H9 -> 0.17205496 | I10: ='Abatement - Report 1'!I9 -> 308.61269 | J10: 15.28149 | K10: 1.8723688 | L10: 1134.8993 | M10: 23.224519 | N10: 3.3684945 | O10: 1759.3938 | P10: =STE_CEA_03!E78 -> 34.39283 | Q10: =STE_CEA_03!F78 -> 6.2420985 | R10: =(Q10+P10)*C10 -> 2688.4069
E13: Initial carbon stock CN (tCO2e) | F13: =SUM(F5:F10)*44/12 -> 3.891384 | H13: End carbon stock CP (tCO2e) | I13: =SUM(I5:I10)*44/12 -> 1979.5785 | K13: End carbon stock CP (tCO2e) | L13: 7462.1223 | N13: End carbon stock CP (tCO2e) | O13: 11808.354 | Q13: End carbon stock CP (tCO2e) | R13: =SUM(R5:R10)*44/12 -> 17886.024
E14: (Equation 11a) | H14: Equation 11b | K14: Equation 11b | N14: Equation 11b | Q14: Equation 11b
E16: Carbon stock change for project (tCO2-e) (5.8 (b)) | R16: =R13-F13 -> 17882.132

Sheet Abatement - Report 3
A2: Division 5.4; Section 5.8(b)
F3: Equation 12a | G3: 2016 - Report 1 | I3: Equation 12b | J3: 2017 - Report 2 | L3: Equation 12b | M3: 2018 - Report 3 | O3: Equation 12b
A4: CEA Name | B4: FullCAM calibration used | C4: CEA area (ha) | D4: Initial carbon mass trees - CDt (t C /ha) | E4: Initial carbon mass debris - CDd (t C /ha) | F4: Initial carbon mass - CD (t C) | G4: End carbon mass trees - Ct (t C /ha) | H4: End carbon mass debris - Cd (t C /ha) | I4: End carbon mass - C (t C) | J4: End carbon mass trees - Ct (t C /ha) | K4: End carbon mass debris - Cd (t C /ha) | L4: End carbon mass - C (t C) | M4: End carbon mass trees - Ct (t C /ha) | N4: End carbon mass debris - Cd (t C /ha) | O4: End carbon mass - C (t C)
A5: JIN_CEA_01 | B5: Mixed species environmental planting - temperate | C5: 8.76 | D5: 0 | E5: 0 | F5: 0 | G5: 1.2359209 | H5: 0.071879623 | I5: 11.456333 | J5: 18.665416 | K5: 1.8858156 | L5: 180.02879 | M5: 36.533445 | N5: 4.3853774 | O5: 358.44889
A6: HID_CEA_01 | B6: Mixed species environmental planting - temperate | C6: 2.7 | D6: 0 | E6: 0 | F6: 0 | G6: 8.6244366 | H6: 1.1639746 | I6: 26.42871 | J6: 11.392651 | K6: 2.1026674 | L6: 36.43736 | M6: 15.008508 | N6: 2.815663 | O6: 48.12526
A7: LIS_CEA_01 | B7: Mixed species environmental planting - temperate | C7: 3.24 | D7: 0.29377931 | E7: 0.033778268 | F7: 1.0612866 | G7: 3.6519413 | H7: 0.64600861 | I7: 13.925358 | J7: 6.0646123 | K7: 1.1987738 | L7: 23.533371 | M7: 7.8642871 | N7: 1.6702547 | O7: 30.891915
A8: STE_CEA_01 | B8: Mixed species environmental planting - temperate | C8: 13.77 | D8: 0 | E8: 0 | F8: 0 | G8: 4.492529 | H8: 0.17131219 | I8: 64.221093 | J8: 15.2929 | K8: 1.8717138 | L8: 236.35674 | M8: 23.247 | N8: 3.3669807 | O8: 366.47451
A9: STE_CEA_02 | B9: Mixed species environmental planting - temperate | C9: 24.62 | D9: 0 | E9: 0 | F9: 0 | G9: 4.5082506 | H9: 0.17253132 | I9: 115.24085 | J9: 15.337401 | K9: 1.8790375 | L9: 423.86873 | M9: 23.310063 | N9: 3.3806721 | O9: 657.1259
A10: STE_CEA_03 | B10: Mixed species environmental planting - temperate | C10: 66.16 | D10: 0 | E10: 0 | F10: 0 | G10: 4.4925867 | H10: 0.17205496 | I10: 308.61269 | J10: 15.28149 | K10: 1.8723688 | L10: 1134.8993 | M10: 23.224519 | N10: 3.3684945 | O10: 1759.3938
E13: Initial carbon stock CN (tCO2e) | F13: 3.891384 | H13: End carbon stock CP (tCO2e) | I13: 1979.5785 | K13: End carbon stock CP (tCO2e) | L13: 7462.1223 | N13: End carbon stock CP (tCO2e) | O13: 11808.354
E14: (Equation 11a) | H14: Equation 11b | K14: Equation 11b | N14: Equation 11b
E16: Carbon stock change for project (tCO2-e) (5.8 (b)) | O16: 11804.463

Sheet Abatement - Report 2
A1: Division 5.4; Section 5.8(b)
F2: Equation 12a | G2: 2016 - Report 1 | I2: Equation 12b | J2: 2017 - Report 2 | L2: Equation 12b
A3: CEA Name | B3: FullCAM calibration used | C3: CEA area (ha) | D3: Initial carbon mass trees - CDt (t C /ha) | E3: Initial carbon mass debris - CDd (t C /ha) | F3: Initial carbon mass - CD (t C) | G3: End carbon mass trees - Ct (t C /ha) | H3: End carbon mass debris - Cd (t C /ha) | I3: End carbon mass - C (t C) | J3: End carbon mass trees - Ct (t C /ha) | K3: End carbon mass debris - Cd (t C /ha) | L3: End carbon mass - C (t C)
A4: JIN_CEA_01 | B4: Mixed species environmental planting - temperate | C4: 8.76 | D4: 0 | E4: 0 | F4: 0 | G4: 1.2359209 | H4: 0.071879623 | I4: 11.456333 | J4: 18.665416 | K4: 1.8858156 | L4: 180.02879
A5: HID_CEA_01 | B5: Mixed species environmental planting - temperate | C5: 2.7 | D5: 0 | E5: 0 | F5: 0 | G5: 8.6244366 | H5: 1.1639746 | I5: 26.42871 | J5: 11.392651 | K5: 2.1026674 | L5: 36.43736
A6: LIS_CEA_01 | B6: Mixed species environmental planting - temperate | C6: 3.24 | D6: 0.29377931 | E6: 0.033778268 | F6: 1.0612866 | G6: 3.6519413 | H6: 0.64600861 | I6: 13.925358 | J6: 6.0646123 | K6: 1.1987738 | L6: 23.533371
A7: STE_CEA_01 | B7: Mixed species environmental planting - temperate | C7: 13.77 | D7: 0 | E7: 0 | F7: 0 | G7: 4.492529 | H7: 0.17131219 | I7: 64.221093 | J7: 15.2929 | K7: 1.8717138 | L7: 236.35674
A8: STE_CEA_02 | B8: Mixed species environmental planting - temperate | C8: 24.62 | D8: 0 | E8: 0 | F8: 0 | G8: 4.5082506 | H8: 0.17253132 | I8: 115.24085 | J8: 15.337401 | K8: 1.8790375 | L8: 423.86873
A9: STE_CEA_03 | B9: Mixed species environmental planting - temperate | C9: 66.16 | D9: 0 | E9: 0 | F9: 0 | G9: 4.4925867 | H9: 0.17205496 | I9: 308.61269 | J9: 15.28149 | K9: 1.8723688 | L9: 1134.8993
E12: Initial carbon stock CN (tCO2e) | F12: 3.891384 | H12: End carbon stock CP (tCO2e) | I12: 1979.5785 | K12: End carbon stock CP (tCO2e) | L12: 7462.1223
E13: (Equation 11a) | H13: Equation 11b | K13: Equation 11b
E15: Carbon stock change for project (tCO2-e) (5.8 (b)) | L15: 7458.2309

Sheet Abatement - Report 1
A1: Division 5.4; Section 5.8(b)
F2: Equation 12a | I2: Equation 12b
A3: CEA Name | B3: FullCAM calibration used | C3: CEA area (ha) | D3: Initial carbon mass trees - CDt (t C /ha) | E3: Initial carbon mass debris - CDd (t C /ha) | F3: Initial carbon mass - CD (t C) | G3: End carbon mass trees - Ct (t C /ha) | H3: End carbon mass debris - Cd (t C /ha) | I3: End carbon mass - C (t C)
A4: JIN_CEA_01 | B4: Mixed species environmental planting - temperate | C4: 8.76 | D4: 0 | E4: 0 | F4: 0 | G4: 1.2359209 | H4: 0.071879623 | I4: 11.456333
A5: HID_CEA_01 | B5: Mixed species environmental planting - temperate | C5: 2.7 | D5: 0 | E5: 0 | F5: 0 | G5: 8.6244366 | H5: 1.1639746 | I5: 26.42871 | J5: 1.0612866
A6: LIS_CEA_01 | B6: Mixed species environmental planting - temperate | C6: 3.24 | D6: 0.29377931 | E6: 0.033778268 | F6: 1.0612866 | G6: 3.6519413 | H6: 0.64600861 | I6: 13.925358 | J6: 539.88504
A7: STE_CEA_01 | B7: Mixed species environmental planting - temperate | C7: 13.77 | D7: 0 | E7: 0 | F7: 0 | G7: 4.492529 | H7: 0.17131219 | I7: 64.221093 | J7: 538.82375
A8: STE_CEA_02 | B8: Mixed species environmental planting - temperate | C8: 24.62 | D8: 0 | E8: 0 | F8: 0 | G8: 4.5082506 | H8: 0.17253132 | I8: 115.24085
A9: STE_CEA_03 | B9: Mixed species environmental planting - temperate | C9: 66.16 | D9: 0 | E9: 0 | F9: 0 | G9: 4.4925867 | H9: 0.17205496 | I9: 308.61269
E12: Initial carbon stock CN (tCO2e) | F12: 3.891384 | H12: End carbon stock CP (tCO2e) | I12: 1979.5785
E13: (Equation 11a) | H13: Equation 11b
E15: Carbon stock change for project (tCO2-e) (5.8 (b)) | I15: 1975.6871

Sheet Project Emissions
A2: Division 5.4; Section 5.8(c)
A4: CEA Name | B4: FullCAM calibration used | C4: CEA area (ha) | D4: CH4 Emissions - ECH4 (t CH4/ha) | E4: CH4 Emissions - EBCH4 (t CH4) | F4: N2O Emissions - EN2O (t N2O/ha) | G4: N2O Emissions - EBN2O (t N2O)
A5: JIN_CEA_01 | B5: Mixed species environmental planting - temperate | C5: ='CEA Attributes'!F5 -> 8.76 | D5: =JIN_CEA_01!G25 -> 0 | E5: =D5*C5 -> 0 | F5: =JIN_CEA_01!H25 -> 0 | G5: =F5*C5 -> 0
A6: HID_CEA_01 | B6: Mixed species environmental planting - temperate | C6: ='CEA Attributes'!G5 -> 2.7 | D6: =HID_CEA_01!G124 -> 0.021069868 | E6: =D6*C6 -> 0.056888643 | F6: =HID_CEA_01!H124 -> 0.00038949992 | G6: =F6*C6 -> 0.0010516498
A7: LIS_CEA_01 | B7: Mixed species environmental planting - temperate | C7: ='CEA Attributes'!H5 -> 3.24 | D7: =LIS_CEA_01!G80 -> 0 | E7: =D7*C7 -> 0 | F7: =LIS_CEA_01!H80 -> 0 | G7: =F7*C7 -> 0
A8: STE_CEA_01 | B8: Mixed species environmental planting - temperate | C8: ='CEA Attributes'!C5 -> 13.77 | D8: =STE_CEA_01!G21 -> 0 | E8: =D8*C8 -> 0 | F8: =STE_CEA_01!H21 -> 0 | G8: =F8*C8 -> 0
A9: STE_CEA_02 | B9: Mixed species environmental planting - temperate | C9: ='CEA Attributes'!D5 -> 24.62 | D9: =STE_CEA_02!G24 -> 0 | E9: =D9*C9 -> 0 | F9: =STE_CEA_02!H24 -> 0 | G9: =F9*C9 -> 0
A10: STE_CEA_03 | B10: Mixed species environmental planting - temperate | C10: ='CEA Attributes'!E5 -> 66.16 | D10: =STE_CEA_03!G24 -> 0 | E10: =D10*C10 -> 0 | F10: =STE_CEA_03!H24 -> 0 | G10: =F10*C10 -> 0
D13: Gl Warm Pot CH4 | E13: 28 | F13: Gl Warm Pot NO2 | G13: 265 | I13: AR5 GPW 2020-21 onwards
D15: Equation 13 | E15: =SUM(E5:E11)*E13 -> 1.592882 | F15: Equation 14 | G15: =SUM(G5:G11)*G13/1000 -> 0.00027868719
F17: Equation 15 | G17: =G15+E15 -> 1.5931607

Sheet Global Warm Pot

Sheet Fuel Emissions
A2: Division 5.4; Section 5.8(d)
B4: Diesel use - for each hectare assume:
B5: Slashing frequency (events/year) | D5: 2
B6: Power rating of t (hp/kW) | D6: 90 / 67
B7: Fuel consumption (l/hr) | D7: 15
B8: Productivity (hrs/ha) | D8: 0.5
B9: Project area (ha) | D9: =SUM('CEA Attributes'!C5:H5) -> 119.25
B10: Reporting period (years) | D10: 1
B12: Petrol use - For each property, assume:
B13: Site visit frequency (visits/yr) | D13: 4
B14: Travel distance/site visit (km) | D14: 200
B15: Fuel consumption of (l/km) | D15: 10
B16: Fuel consumption/site visit (litres) | D16: =D14/D15 -> 20
B17: Reporting period (years) | D17: 1
B19: Qf - Total diesel (kL) | D19: =D9*D8*D7*D5*D10/1000 -> 1.78875
B20: Qf - Total gasoline (kL) | D20: =(D16*D13*D17)/1000 -> 0.08
B22: Fuel emission for each fuel type and greenhouse gas for the project - Equation 16
C24: Fuel emissions (t CO2e)
C25: CO2 | D25: CH4 | E25: N2O | F25: Total CO2e
B26: Ef,diesel | C26: =$D$19*$C$40*D40/1000 -> 4.8262979 | D26: =$D$19*$C$40*E40/1000 -> 0.006904575 | E26: =$D$19*$C$40*F40/1000 -> 0.034522875 | F26: =SUM(C26:E26) -> 4.8677254
B27: Ef,gasoline | C27: =$D$20*$C$39*D39/1000 -> 0.1844064 | D27: =$D$20*$C$39*E39/1000 -> 0.001368 | E27: =$D$20*$C$39*F39/1000 -> 0.0049248 | F27: =SUM(C27:E27) -> 0.1906992
B29: Total project fuel emissions for the reporting period - Equation 17
B30: Ef - Total project fuel emssions for the reporting period= | E30: =F26+F27 -> 5.0584246 | F30: tonnes of CO2e
B31: Previous report | E31: 25.295274 | F31: tonnes of CO2e
B32: Total project fuel emssions= | E32: =E31+E30 -> 30.353698 | F32: tonnes of CO2e
A34: Fuel combustion—fuels for transport energy purposes
A35: Item | B35: Fuel combusted | C35: Energy content factor | D35: Emission factor
C36: (GJ/kL unless otherwise indicated) | D36: kg CO2‑e/GJ
D37: (relevant oxidation factors incorporated)
D38: CO2 | E38: CH4 | F38: N2O
A39: 35 | B39: Gasoline (other than for use as fuel in an aircraft) | C39: 34.2 | D39: 67.4 | E39: 0.5 | F39: 1.8
A40: 40 | B40: Diesel oil | C40: 38.6 | D40: 69.9 | E40: 0.1 | F40: 0.5
A43: Proportion of fuel emmissions by CEA
A44: CEA Name | B44: FullCAM calibration used | C44: CEA area (ha) | D44: Proportion of Fuel emissions
A45: ='Abatement - Report 3'!A5 -> JIN_CEA_01 | B45: ='Abatement - Report 3'!B5 -> Mixed species environmental planting - temperate | C45: ='Abatement - Report 3'!C5 -> 8.76 | D45: =C45/$C$51*$E$30 -> 0.37158742
A46: ='Abatement - Report 3'!A6 -> HID_CEA_01 | B46: ='Abatement - Report 3'!B6 -> Mixed species environmental planting - temperate | C46: ='Abatement - Report 3'!C6 -> 2.7 | D46: =C46/$C$51*$E$30 -> 0.11453037
A47: ='Abatement - Report 3'!A7 -> LIS_CEA_01 | B47: ='Abatement - Report 3'!B7 -> Mixed species environmental planting - temperate | C47: ='Abatement - Report 3'!C7 -> 3.24 | D47: =C47/$C$51*$E$30 -> 0.13743644
A48: ='Abatement - Report 3'!A8 -> STE_CEA_01 | B48: ='Abatement - Report 3'!B8 -> Mixed species environmental planting - temperate | C48: ='Abatement - Report 3'!C8 -> 13.77 | D48: =C48/$C$51*$E$30 -> 0.58410488
A49: ='Abatement - Report 3'!A9 -> STE_CEA_02 | B49: ='Abatement - Report 3'!B9 -> Mixed species environmental planting - temperate | C49: ='Abatement - Report 3'!C9 -> 24.62 | D49: =C49/$C$51*$E$30 -> 1.0443473
A50: ='Abatement - Report 3'!A10 -> STE_CEA_03 | B50: ='Abatement - Report 3'!B10 -> Mixed species environmental planting - temperate | C50: ='Abatement - Report 3'!C10 -> 66.16 | D50: =C50/$C$51*$E$30 -> 2.8064182
A51: Total | C51: =SUM(C45:C50) -> 119.25 | D51: =SUM(D45:D50) -> 5.0584246

Sheet JIN_CEA_01
A8: Year | B8: Month | C8: Day | D8: Dec. Year | E8: C mass of trees | F8: C mass of forest debris | G8: CH4 emitted due to fire | H8: N2O emitted due to fire | I8: C mass of trees+debris
E9: tC/ha | F9: tC/ha | G9: tCH4/ha | H9: tN2O/ha | I9: tC/ha
A10: 2015 | B10: 3 | C10: 31 | D10: 2015.247 | E10: 0 | F10: 0 | I10: =E10+F10 -> 0
A11: 2015 | B11: 4 | C11: 30 | D11: 2015.329 | E11: 0.2937 | F11: 0.0036657659 | G11: 0 | H11: 0 | I11: =E11+F11 -> 0.29736577
A12: 2015 | B12: 5 | C12: 31 | D12: 2015.414 | E12: 0.2937 | F12: 0.007304537 | G12: 0 | H12: 0 | I12: =E12+F12 -> 0.30100454
A13: 2015 | B13: 6 | C13: 30 | D13: 2015.496 | E13: 0.2937 | F13: 0.010782673 | G13: 0 | H13: 0 | I13: =E13+F13 -> 0.30448267
A14: 2015 | B14: 7 | C14: 31 | D14: 2015.581 | E14: 0.29370136 | F14: 0.014289593 | G14: 0 | H14: 0 | I14: =E14+F14 -> 0.30799096
A15: 2015 | B15: 8 | C15: 31 | D15: 2015.666 | E15: 0.29371508 | F15: 0.017777164 | G15: 0 | H15: 0 | I15: =E15+F15 -> 0.31149224
A16: 2015 | B16: 9 | C16: 30 | D16: 2015.748 | E16: 0.29378091 | F16: 0.021049401 | G16: 0 | H16: 0 | I16: =E16+F16 -> 0.31483031
A17: 2015 | B17: 10 | C17: 31 | D17: 2015.833 | E17: 0.29402844 | F17: 0.02418459 | G17: 0 | H17: 0 | I17: =E17+F17 -> 0.31821303
A18: 2015 | B18: 11 | C18: 30 | D18: 2015.915 | E18: 0.29562508 | F18: 0.027181298 | G18: 0 | H18: 0 | I18: =E18+F18 -> 0.32280638
A19: 2015 | B19: 12 | C19: 31 | D19: 2016 | E19: 0.30159133 | F19: 0.030246214 | G19: 0 | H19: 0 | I19: =E19+F19 -> 0.33183754
A20: 2016 | B20: 1 | C20: 31 | D20: 2016.085 | E20: 0.32685638 | F20: 0.033460151 | G20: 0 | H20: 0 | I20: =E20+F20 -> 0.36031653
A21: 2016 | B21: 2 | C21: 29 | D21: 2016.164 | E21: 0.38228506 | F21: 0.036944396 | G21: 0 | H21: 0 | I21: =E21+F21 -> 0.41922945
A22: 2016 | B22: 3 | C22: 31 | D22: 2016.249 | E22: 0.5034081 | F22: 0.041875087 | G22: 0 | H22: 0 | I22: =E22+F22 -> 0.54528319
... A25: 2016 | B25: 6 | C25: 30 | D25: 2016.497 | E25: 1.2288266 | F25: 0.0716869 | G25: 0 | H25: 0 | I25: =E25+F25 -> 1.3005135
A26: 2016 | B26: 7 | C26: 31 | D26: 2016.582 | E26: 1.6472107 | F26: 0.089921673 | G26: 0 | H26: 0 | I26: =E26+F26 -> 1.7371324 | K26: Year | L26: Month | M26: Trees+Debris | N26: Area | O26: Abatement (t C) | P26: Aabtement (tCO2) | Q26: Fuel Emissions tCO2e | R26: Net Abatement (tCO2e)
A27: 2016 | B27: 8 | C27: 31 | D27: 2016.667 | E27: 2.1669269 | F27: 0.11440377 | G27: 0 | H27: 0 | I27: =E27+F27 -> 2.2813307 | K27: 2016 | L27: 6 | M27: =I25 -> 1.3005135 | N27: ='Abatement - Report 3'!$C$5 -> 8.76 | O27: =M27*N27 -> 11.392498 | P27: =O27*44/12 -> 41.772492 | Q27: ='Fuel Emissions'!$D$45 -> 0.37158742 | R27: =P27-Q27 -> 41.400905
A28: 2016 | B28: 9 | C28: 30 | D28: 2016.749 | E28: 2.7514866 | F28: 0.14434746 | G28: 0 | H28: 0 | I28: =E28+F28 -> 2.8958341 | K28: 2017 | L28: 6 | M28: =I37 -> 10.660079 | N28: ='Abatement - Report 3'!$C$5 -> 8.76 | O28: =M28*N28 -> 93.382288 | P28: =O28*44/12 -> 342.40172 | Q28: ='Fuel Emissions'!$D$45 -> 0.37158742 | R28: =P28-Q28 -> 342.03013
A29: 2016 | B29: 10 | C29: 31 | D29: 2016.833 | E29: 3.686439 | F29: 0.18260337 | G29: 0 | H29: 0 | I29: =E29+F29 -> 3.8690424 | K29: 2018 | L29: 6 | M29: =I49 -> 26.171159 | N29: ='Abatement - Report 3'!$C$5 -> 8.76 | O29: =M29*N29 -> 229.25936 | P29: =O29*44/12 -> 840.61764 | Q29: ='Fuel Emissions'!$D$45 -> 0.37158742 | R29: =P29-Q29 -> 840.24606
A30: 2016 | B30: 11 | C30: 30 | D30: 2016.915 | E30: 4.4770455 | F30: 0.22873004 | G30: 0 | H30: 0 | I30: =E30+F30 -> 4.7057756 | K30: 2019 | L30: 6 | M30: =I61 -> 41.759178 | N30: ='Abatement - Report 3'!$C$5 -> 8.76 | O30: =M30*N30 -> 365.8104 | P30: =O30*44/12 -> 1341.3048 | Q30: ='Fuel Emissions'!$D$45 -> 0.37158742 | R30: =P30-Q30 -> 1340.9332
A31: 2016 | B31: 12 | C31: 31 | D31: 2017 | E31: 5.3800081 | F31: 0.28510708 | G31: 0 | H31: 0 | I31: =E31+F31 -> 5.6651152 | K31: 2020 | L31: 6 | M31: =I73 -> 51.45661 | N31: ='Abatement - Report 3'!$C$5 -> 8.76 | O31: =M31*N31 -> 450.75991 | P31: =O31*44/12 -> 1652.7863 | Q31: ='Fuel Emissions'!$D$45 -> 0.37158742 | R31: =P31-Q31 -> 1652.4147
A32: 2017 | B32: 1 | C32: 31 | D32: 2017.085 | E32: 6.0147486 | F32: 0.34862028 | G32: 0 | H32: 0 | I32: =E32+F32 -> 6.3633689 | K32: 2021 | L32: 6 | M32: =I85 -> 63.330381 | N32: ='Abatement - Report 3'!$C$5 -> 8.76 | O32: =M32*N32 -> 554.77414 | P32: =O32*44/12 -> 2034.1718 | Q32: ='Fuel Emissions'!$D$45 -> 0.37158742 | R32: =P32-Q32 -> 2033.8002
A33: 2017 | B33: 2 | C33: 28 | D33: 2017.162 | E33: 6.6180653 | F33: 0.41044248 | G33: 0 | H33: 0 | I33: =E33+F33 -> 7.0285077 | K33: 2022 | L33: 6 | M33: =I97 -> 69.962008 | N33: ='Abatement - Report 3'!$C$5 -> 8.76 | O33: =M33*N33 -> 612.86719 | P33: =O33*44/12 -> 2247.1797 | Q33: ='Fuel Emissions'!$D$45 -> 0.37158742 | R33: =P33-Q33 -> 2246.8081
A34: 2017 | B34: 3 | C34: 31 | D34: 2017.247 | E34: 7.3175237 | F34: 0.48414448 | G34: 0 | H34: 0 | I34: =E34+F34 -> 7.8016682 | K34: 2023 | L34: 6 | M34: =I109 -> 76.054761 | N34: ='Abatement - Report 3'!$C$5 -> 8.76 | O34: =M34*N34 -> 666.2397 | P34: =O34*44/12 -> 2442.8789 | Q34: ='Fuel Emissions'!$D$45 -> 0.37158742 | R34: =P34-Q34 -> 2442.5073
A35: 2017 | B35: 4 | C35: 30 | D35: 2017.329 | E35: 8.0241923 | F35: 0.56124096 | G35: 0 | H35: 0 | I35: =E35+F35 -> 8.5854333 | K35: 2024 | L35: 6 | M35: =I121 -> 83.723213 | N35: ='Abatement - Report 3'!$C$5 -> 8.76 | O35: =M35*N35 -> 733.41534 | P35: =O35*44/12 -> 2689.1896 | Q35: ='Fuel Emissions'!$D$45 -> 0.37158742 | R35: =P35-Q35 -> 2688.818
A36: 2017 | B36: 5 | C36: 31 | D36: 2017.414 | E36: 8.7832953 | F36: 0.64647872 | G36: 0 | H36: 0 | I36: =E36+F36 -> 9.429774 | K36: 2025 | L36: 6 | M36: =I133 -> 90.828101 | N36: ='Abatement - Report 3'!$C$5 -> 8.76 | O36: =M36*N36 -> 795.65416 | P36: =O36*44/12 -> 2917.3986 | Q36: ='Fuel Emissions'!$D$45 -> 0.37158742 | R36: =P36-Q36 -> 2917.027
A37: 2017 | B37: 6 | C37: 30 | D37: 2017.496 | E37: 9.921242 | F37: 0.73883657 | G37: 0 | H37: 0 | I37: =E37+F37 -> 10.660079 | J37: 15.557447
A38: 2017 | B38: 7 | C38: 31 | D38: 2017.581 | E38: 11.143706 | F38: 0.84427669 | G38: 0 | H38: 0 | I38: =E38+F38 -> 11.987983
A39: 2017 | B39: 8 | C39: 31 | D39: 2017.666 | E39: 12.414587 | F39: 0.96197251 | G39: 0 | H39: 0 | I39: =E39+F39 -> 13.37656
A40: 2017 | B40: 9 | C40: 30 | D40: 2017.748 | E40: 13.685 | F40: 1.0840261 | G40: 0 | H40: 0 | I40: =E40+F40 -> 14.769026
A41: 2017 | B41: 10 | C41: 31 | D41: 2017.833 | E41: 14.598887 | F41: 1.2113351 | G41: 0 | H41: 0 | I41: =E41+F41 -> 15.810222
A42: 2017 | B42: 11 | C42: 30 | D42: 2017.915 | E42: 15.469987 | F42: 1.3390793 | G42: 0 | H42: 0 | I42: =E42+F42 -> 16.809066
A43: 2017 | B43: 12 | C43: 31 | D43: 2018 | E43: 16.383152 | F43: 1.4748945 | G43: 0 | H43: 0 | I43: =E43+F43 -> 17.858047
A44: 2018 | B44: 1 | C44: 31 | D44: 2018.085 | E44: 17.30816 | F44: 1.6150487 | G44: 0 | H44: 0 | I44: =E44+F44 -> 18.923209
A45: 2018 | B45: 2 | C45: 28 | D45: 2018.162 | E45: 18.570293 | F45: 1.7470931 | G45: 0 | H45: 0 | I45: =E45+F45 -> 20.317386
A46: 2018 | B46: 3 | C46: 31 | D46: 2018.247 | E46: 19.994692 | F46: 1.9017811 | G46: 0 | H46: 0 | I46: =E46+F46 -> 21.896473
A47: 2018 | B47: 4 | C47: 30 | D47: 2018.329 | E47: 21.376825 | F47: 2.0605524 | G47: 0 | H47: 0 | I47: =E47+F47 -> 23.437377
A48: 2018 | B48: 5 | C48: 31 | D48: 2018.414 | E48: 22.816703 | F48: 2.2314232 | G48: 0 | H48: 0 | I48: =E48+F48 -> 25.048127
A49: 2018 | B49: 6 | C49: 30 | D49: 2018.496 | E49: 23.762359 | F49: 2.4088 | G49: 0 | H49: 0 | I49: =E49+F49 -> 26.171159 | J49: 24.201994
A50: 2018 | B50: 7 | C50: 31 | D50: 2018.581 | E50: 24.730595 | F50: 2.5975514 | G50: 0 | H50: 0 | I50: =E50+F50 -> 27.328147
A51: 2018 | B51: 8 | C51: 31 | D51: 2018.666 | E51: 25.701161 | F51: 2.7972496 | G51: 0 | H51: 0 | I51: =E51+F51 -> 28.498411
A52: 2018 | B52: 9 | C52: 30 | D52: 2018.748 | E52: 26.635952 | F52: 2.9910982 | G52: 0 | H52: 0 | I52: =E52+F52 -> 29.62705
A53: 2018 | B53: 10 | C53: 31 | D53: 2018.833 | E53: 28.078113 | F53: 3.1788253 | G53: 0 | H53: 0 | I53: =E53+F53 -> 31.256938
A54: 2018 | B54: 11 | C54: 30 | D54: 2018.915 | E54: 29.481039 | F54: 3.3650842 | G54: 0 | H54: 0 | I54: =E54+F54 -> 32.846123
A55: 2018 | B55: 12 | C55: 31 | D55: 2019 | E55: 30.92852 | F55: 3.5619215 | G55: 0 | H55: 0 | I55: =E55+F55 -> 34.490442
A56: 2019 | B56: 1 | C56: 31 | D56: 2019.085 | E56: 32.366925 | F56: 3.7640376 | G56: 0 | H56: 0 | I56: =E56+F56 -> 36.130963
A57: 2019 | B57: 2 | C57: 28 | D57: 2019.162 | E57: 33.24054 | F57: 3.9493533 | G57: 0 | H57: 0 | I57: =E57+F57 -> 37.189893
A58: 2019 | B58: 3 | C58: 31 | D58: 2019.247 | E58: 34.192207 | F58: 4.1566026 | G58: 0 | H58: 0 | I58: =E58+F58 -> 38.34881
A59: 2019 | B59: 4 | C59: 30 | D59: 2019.329 | E59: 35.110065 | F59: 4.3615133 | G59: 0 | H59: 0 | I59: =E59+F59 -> 39.471578
A60: 2019 | B60: 5 | C60: 31 | D60: 2019.414 | E60: 36.054946 | F60: 4.573722 | G60: 0 | H60: 0 | I60: =E60+F60 -> 40.628668
A61: 2019 | B61: 6 | C61: 30 | D61: 2019.496 | E61: 36.965577 | F61: 4.7936011 | G61: 0 | H61: 0 | I61: =E61+F61 -> 41.759178 | J61: 31.68371
A62: 2019 | B62: 7 | C62: 31 | D62: 2019.581 | E62: 37.898691 | F62: 5.0261394 | G62: 0 | H62: 0 | I62: =E62+F62 -> 42.924831
A63: 2019 | B63: 8 | C63: 31 | D63: 2019.666 | E63: 38.827024 | F63: 5.2733431 | G63: 0 | H63: 0 | I63: =E63+F63 -> 44.100367
A64: 2019 | B64: 9 | C64: 30 | D64: 2019.748 | E64: 39.720856 | F64: 5.509631 | G64: 0 | H64: 0 | I64: =E64+F64 -> 45.230487
A65: 2019 | B65: 10 | C65: 31 | D65: 2019.833 | E65: 40.191954 | F65: 5.7219112 | G65: 0 | H65: 0 | I65: =E65+F65 -> 45.913865
A66: 2019 | B66: 11 | C66: 30 | D66: 2019.915 | E66: 40.63585 | F66: 5.9221779 | G66: 0 | H66: 0 | I66: =E66+F66 -> 46.558028
A67: 2019 | B67: 12 | C67: 31 | D67: 2020 | E67: 41.093256 | F67: 6.1244102 | G67: 0 | H67: 0 | I67: =E67+F67 -> 47.217666
A68: 2020 | B68: 1 | C68: 31 | D68: 2020.085 | E68: 41.549328 | F68: 6.3240424 | G68: 0 | H68: 0 | I68: =E68+F68 -> 47.873371
A69: 2020 | B69: 2 | C69: 29 | D69: 2020.164 | E69: 41.974748 | F69: 6.5088534 | G69: 0 | H69: 0 | I69: =E69+F69 -> 48.483602
A70: 2020 | B70: 3 | C70: 31 | D70: 2020.249 | E70: 42.428173 | F70: 6.7061138 | G70: 0 | H70: 0 | I70: =E70+F70 -> 49.134287
A71: 2020 | B71: 4 | C71: 30 | D71: 2020.331 | E71: 42.861831 | F71: 6.8989863 | G71: 0 | H71: 0 | I71: =E71+F71 -> 49.760818
A72: 2020 | B72: 5 | C72: 31 | D72: 2020.415 | E72: 43.308424 | F72: 7.0959254 | G72: 0 | H72: 0 | I72: =E72+F72 -> 50.40435
A73: 2020 | B73: 6 | C73: 30 | D73: 2020.497 | E73: 44.154434 | F73: 7.3021767 | G73: 0 | H73: 0 | I73: =E73+F73 -> 51.45661
... A300: 2039 | B300: 5 | C300: 31 | D300: 2039.414 | E300: 111.08005 | F300: 25.595576 | G300: 0 | H300: 0 | I300: =E300+F300 -> 136.67562
A301: 2039 | B301: 6 | C301: 30 | D301: 2039.496 | E301: 111.23072 | F301: 25.666561 | G301: 0 | H301: 0 | I301: =E301+F301 -> 136.89728 | J301: 127.49543
A302: 2039 | B302: 7 | C302: 31 | D302: 2039.581 | E302: 111.38586 | F302: 25.769188 | G302: 0 | H302: 0 | I302: =E302+F302 -> 137.15505
A303: 2039 | B303: 8 | C303: 31 | D303: 2039.666 | E303: 111.54043 | F303: 25.915443 | G303: 0 | H303: 0 | I303: =E303+F303 -> 137.45587
A304: 2039 | B304: 9 | C304: 30 | D304: 2039.748 | E304: 111.68948 | F304: 26.024542 | G304: 0 | H304: 0 | I304: =E304+F304 -> 137.71402
A305: 2039 | B305: 10 | C305: 31 | D305: 2039.833 | E305: 111.84294 | F305: 26.029089 | G305: 0 | H305: 0 | I305: =E305+F305 -> 137.87203
A306: 2039 | B306: 11 | C306: 30 | D306: 2039.915 | E306: 111.99093 | F306: 26.015908 | G306: 0 | H306: 0 | I306: =E306+F306 -> 138.00683
A307: 2039 | B307: 12 | C307: 31 | D307: 2040 | E307: 112.14329 | F307: 25.995454 | G307: 0 | H307: 0 | I307: =E307+F307 -> 138.13875
A308: 2040 | B308: 1 | C308: 31 | D308: 2040.085 | E308: 112.29511 | F308: 25.975211 | G308: 0 | H308: 0 | I308: =E308+F308 -> 138.27032
A309: 2040 | B309: 2 | C309: 29 | D309: 2040.164 | E309: 112.43663 | F309: 25.95871 | G309: 0 | H309: 0 | I309: =E309+F309 -> 138.39534
A310: 2040 | B310: 3 | C310: 31 | D310: 2040.249 | E310: 112.58739 | F310: 25.949944 | G310: 0 | H310: 0 | I310: =E310+F310 -> 138.53733
I311: =E311+F311 -> 0

Sheet HID_CEA_01
A8: Year | B8: Month | C8: Day | D8: Dec. Year | E8: C mass of trees | F8: C mass of forest debris | G8: CH4 emitted due to fire | H8: N2O emitted due to fire | I8: C mass of trees+debris
D9: tCH4/ha | E9: tC/ha | F9: tN2O/ha | G9: tC/ha | I9: tC/ha
A10: 2012 | B10: 1 | C10: 31 | D10: 2012.085 | E10: 0 | F10: 0 | I10: =E10+F10 -> 0
A11: 2012 | B11: 2 | C11: 29 | D11: 2012.164 | E11: 0.2937 | F11: 0.00365773 | G11: 0 | H11: 0 | I11: =E11+F11 -> 0.29735773
A12: 2012 | B12: 3 | C12: 31 | D12: 2012.249 | E12: 0.2937 | F12: 0.00733511 | G12: 0 | H12: 0 | I12: =E12+F12 -> 0.30103511
A13: 2012 | B13: 4 | C13: 30 | D13: 2012.331 | E13: 0.2937 | F13: 0.010796593 | G13: 0 | H13: 0 | I13: =E13+F13 -> 0.30449659
A14: 2012 | B14: 5 | C14: 31 | D14: 2012.415 | E14: 0.2937 | F14: 0.0148553 | G14: 0 | H14: 0 | I14: =E14+F14 -> 0.3085553
A15: 2012 | B15: 6 | C15: 30 | D15: 2012.497 | E15: 0.2937 | F15: 0.01766892 | G15: 0 | H15: 0 | I15: =E15+F15 -> 0.31136892
A16: 2012 | B16: 7 | C16: 31 | D16: 2012.582 | E16: 0.29370045 | F16: 0.021135504 | G16: 0 | H16: 0 | I16: =E16+F16 -> 0.31483595
A17: 2012 | B17: 8 | C17: 31 | D17: 2012.667 | E17: 0.29370247 | F17: 0.025540145 | G17: 0 | H17: 0 | I17: =E17+F17 -> 0.31924261
A18: 2012 | B18: 9 | C18: 30 | D18: 2012.749 | E18: 0.2937088 | F18: 0.028402125 | G18: 0 | H18: 0 | I18: =E18+F18 -> 0.32211092
A19: 2012 | B19: 10 | C19: 31 | D19: 2012.833 | E19: 0.29372664 | F19: 0.031439214 | G19: 0 | H19: 0 | I19: =E19+F19 -> 0.32516585
A20: 2012 | B20: 11 | C20: 30 | D20: 2012.915 | E20: 0.29376853 | F20: 0.034162018 | G20: 0 | H20: 0 | I20: =E20+F20 -> 0.32793055
A21: 2012 | B21: 12 | C21: 31 | D21: 2013 | E21: 0.29403758 | F21: 0.037139558 | G21: 0 | H21: 0 | I21: =E21+F21 -> 0.33117714
A22: 2013 | B22: 1 | C22: 31 | D22: 2013.085 | E22: 0.29493824 | F22: 0.039874668 | G22: 0 | H22: 0 | I22: =E22+F22 -> 0.33481291
... A62: 2016 | B62: 5 | C62: 31 | D62: 2016.415 | E62: 8.0395408 | F62: 1.0283873 | G62: 0 | H62: 0 | I62: =E62+F62 -> 9.0679281
A63: 2016 | B63: 6 | C63: 30 | D63: 2016.497 | E63: 8.2145387 | F63: 1.0876182 | G63: 0 | H63: 0 | I63: =E63+F63 -> 9.3021568 | J63: 9.3021568
A64: 2016 | B64: 7 | C64: 31 | D64: 2016.582 | E64: 8.3954467 | F64: 1.149562 | G64: 0 | H64: 0 | I64: =E64+F64 -> 9.5450087 | K64: Year | L64: Month | M64: Trees+Debris | N64: Area | O64: Abatement (t C) | P64: Aabtement (tCO2) | Q64: Fuel Emissions tCO2e | R64: Net Abatement (tCO2e)
A65: 2016 | B65: 8 | C65: 31 | D65: 2016.667 | E65: 8.5763882 | F65: 1.2140605 | G65: 0 | H65: 0 | I65: =E65+F65 -> 9.7904487 | K65: 2016 | L65: 6 | M65: =I63 -> 9.3021568 | N65: ='Abatement - Report 3'!$C$6 -> 2.7 | O65: =M65*N65 -> 25.115823 | P65: =O65*44/12 -> 92.091353 | Q65: ='Fuel Emissions'!$D$46 -> 0.11453037 | R65: =P65-Q65 -> 91.976822
A66: 2016 | B66: 9 | C66: 30 | D66: 2016.749 | E66: 8.7514842 | F66: 1.2735363 | G66: 0 | H66: 0 | I66: =E66+F66 -> 10.025021 | K66: 2017 | L66: 6 | M66: =I75 -> 12.091006 | N66: ='Abatement - Report 3'!$C$6 -> 2.7 | O66: =M66*N66 -> 32.645717 | P66: =O66*44/12 -> 119.70096 | Q66: ='Fuel Emissions'!$D$46 -> 0.11453037 | R66: =P66-Q66 -> 119.58643
A67: 2016 | B67: 10 | C67: 31 | D67: 2016.833 | E67: 8.9323673 | F67: 1.3270861 | G67: 0 | H67: 0 | I67: =E67+F67 -> 10.259453 | K67: 2018 | L67: 6 | M67: =I87 -> 15.674487 | N67: ='Abatement - Report 3'!$C$6 -> 2.7 | O67: =M67*N67 -> 42.321115 | P67: =O67*44/12 -> 155.17742 | Q67: ='Fuel Emissions'!$D$46 -> 0.11453037 | R67: =P67-Q67 -> 155.06289
A68: 2016 | B68: 11 | C68: 30 | D68: 2016.915 | E68: 9.1073307 | F68: 1.3771372 | G68: 0 | H68: 0 | I68: =E68+F68 -> 10.484468 | K68: 2019 | L68: 6 | M68: =I99 -> 19.204791 | N68: ='Abatement - Report 3'!$C$6 -> 2.7 | O68: =M68*N68 -> 51.852935 | P68: =O68*44/12 -> 190.12743 | Q68: ='Fuel Emissions'!$D$46 -> 0.11453037 | R68: =P68-Q68 -> 190.0129
A69: 2016 | B69: 12 | C69: 31 | D69: 2017 | E69: 9.2880017 | F69: 1.4282662 | G69: 0 | H69: 0 | I69: =E69+F69 -> 10.716268 | K69: 2020 | L69: 6 | M69: =I111 -> 22.797079 | N69: ='Abatement - Report 3'!$C$6 -> 2.7 | O69: =M69*N69 -> 61.552113 | P69: =O69*44/12 -> 225.69108 | Q69: ='Fuel Emissions'!$D$46 -> 0.11453037 | R69: =P69-Q69 -> 225.57655
A70: 2017 | B70: 1 | C70: 31 | D70: 2017.085 | E70: 9.4685103 | F70: 1.4793569 | G70: 0 | H70: 0 | I70: =E70+F70 -> 10.947867 | K70: 2021 | L70: 6 | M70: =I123 -> 25.999098 | N70: ='Abatement - Report 3'!$C$6 -> 2.7 | O70: =M70*N70 -> 70.197564 | P70: =O70*44/12 -> 257.39107 | Q70: ='Fuel Emissions'!$D$46 -> 0.11453037 | R70: =P70-Q70 -> 257.27654
A71: 2017 | B71: 2 | C71: 28 | D71: 2017.162 | E71: 9.6313818 | F71: 1.5257848 | G71: 0 | H71: 0 | I71: =E71+F71 -> 11.157167 | K71: 2022 | L71: 6 | M71: =I135 -> 26.379843 | N71: ='Abatement - Report 3'!$C$6 -> 2.7 | O71: =M71*N71 -> 71.225575 | P71: =O71*44/12 -> 261.16044 | Q71: ='Fuel Emissions'!$D$46 -> 0.11453037 | R71: =P71-Q71 -> 261.04591
A72: 2017 | B72: 3 | C72: 31 | D72: 2017.247 | E72: 9.8106143 | F72: 1.5800376 | G72: 0 | H72: 0 | I72: =E72+F72 -> 11.390652 | K72: 2023 | L72: 6 | M72: =I147 -> 29.081103 | N72: ='Abatement - Report 3'!$C$6 -> 2.7 | O72: =M72*N72 -> 78.518977 | P72: =O72*44/12 -> 287.90292 | Q72: ='Fuel Emissions'!$D$46 -> 0.11453037 | R72: =P72-Q72 -> 287.78838
A73: 2017 | B73: 4 | C73: 30 | D73: 2017.329 | E73: 9.9837618 | F73: 1.6356528 | G73: 0 | H73: 0 | I73: =E73+F73 -> 11.619415 | K73: 2024 | L73: 6 | M73: =I159 -> 31.263196 | N73: ='Abatement - Report 3'!$C$6 -> 2.7 | O73: =M73*N73 -> 84.410629 | P73: =O73*44/12 -> 309.50564 | Q73: ='Fuel Emissions'!$D$46 -> 0.11453037 | R73: =P73-Q73 -> 309.39111
A74: 2017 | B74: 5 | C74: 31 | D74: 2017.414 | E74: 10.162398 | F74: 1.693362 | G74: 0 | H74: 0 | I74: =E74+F74 -> 11.85576 | K74: 2025 | L74: 6 | M74: =I171 -> 32.834649 | N74: ='Abatement - Report 3'!$C$6 -> 2.7 | O74: =M74*N74 -> 88.653552 | P74: =O74*44/12 -> 325.06302 | Q74: ='Fuel Emissions'!$D$46 -> 0.11453037 | R74: =P74-Q74 -> 324.94849
A75: 2017 | B75: 6 | C75: 30 | D75: 2017.496 | E75: 10.334972 | F75: 1.7560341 | G75: 0 | H75: 0 | I75: =E75+F75 -> 12.091006 | J75: 12.091006
A76: 2017 | B76: 7 | C76: 31 | D76: 2017.581 | E76: 10.512962 | F76: 1.8216374 | G76: 0 | H76: 0 | I76: =E76+F76 -> 12.334599
A77: 2017 | B77: 8 | C77: 31 | D77: 2017.666 | E77: 10.690583 | F77: 1.8911249 | G77: 0 | H77: 0 | I77: =E77+F77 -> 12.581708
A78: 2017 | B78: 9 | C78: 30 | D78: 2017.748 | E78: 10.8621 | F78: 1.9540053 | G78: 0 | H78: 0 | I78: =E78+F78 -> 12.816105
A79: 2017 | B79: 10 | C79: 31 | D79: 2017.833 | E79: 11.038924 | F79: 2.006338 | G79: 0 | H79: 0 | I79: =E79+F79 -> 13.045262
A80: 2017 | B80: 11 | C80: 30 | D80: 2017.915 | E80: 11.209627 | F80: 2.0541823 | G80: 0 | H80: 0 | I80: =E80+F80 -> 13.263809
A81: 2017 | B81: 12 | C81: 31 | D81: 2018 | E81: 11.392651 | F81: 2.1026674 | G81: 0 | H81: 0 | I81: =E81+F81 -> 13.495318
A82: 2018 | B82: 1 | C82: 31 | D82: 2018.085 | E82: 11.712562 | F82: 2.1516207 | G82: 0 | H82: 0 | I82: =E82+F82 -> 13.864183
A83: 2018 | B83: 2 | C83: 28 | D83: 2018.162 | E83: 12.000034 | F83: 2.196953 | G83: 0 | H83: 0 | I83: =E83+F83 -> 14.196987
A84: 2018 | B84: 3 | C84: 31 | D84: 2018.247 | E84: 12.31657 | F84: 2.2519407 | G84: 0 | H84: 0 | I84: =E84+F84 -> 14.56851
A85: 2018 | B85: 4 | C85: 30 | D85: 2018.329 | E85: 12.621069 | F85: 2.3104274 | G85: 0 | H85: 0 | I85: =E85+F85 -> 14.931497
A86: 2018 | B86: 5 | C86: 31 | D86: 2018.414 | E86: 12.933749 | F86: 2.3718922 | G86: 0 | H86: 0 | I86: =E86+F86 -> 15.305641
A87: 2018 | B87: 6 | C87: 30 | D87: 2018.496 | E87: 13.23301 | F87: 2.441477 | G87: 0 | H87: 0 | I87: =E87+F87 -> 15.674487 | J87: 15.674487
A88: 2018 | B88: 7 | C88: 31 | D88: 2018.581 | E88: 13.538751 | F88: 2.5144322 | G88: 0 | H88: 0 | I88: =E88+F88 -> 16.053183
A89: 2018 | B89: 8 | C89: 31 | D89: 2018.666 | E89: 13.842301 | F89: 2.5926586 | G89: 0 | H89: 0 | I89: =E89+F89 -> 16.43496
A90: 2018 | B90: 9 | C90: 30 | D90: 2018.748 | E90: 14.133922 | F90: 2.6625651 | G90: 0 | H90: 0 | I90: =E90+F90 -> 16.796487
A91: 2018 | B91: 10 | C91: 31 | D91: 2018.833 | E91: 14.433006 | F91: 2.7172718 | G91: 0 | H91: 0 | I91: =E91+F91 -> 17.150277
A92: 2018 | B92: 11 | C92: 30 | D92: 2018.915 | E92: 14.72017 | F92: 2.7663206 | G92: 0 | H92: 0 | I92: =E92+F92 -> 17.48649
A93: 2018 | B93: 12 | C93: 31 | D93: 2019 | E93: 15.008508 | F93: 2.815663 | G93: 0 | H93: 0 | I93: =E93+F93 -> 17.824171
A94: 2019 | B94: 1 | C94: 31 | D94: 2019.085 | E94: 15.167723 | F94: 2.8644698 | G94: 0 | H94: 0 | I94: =E94+F94 -> 18.032192
A95: 2019 | B95: 2 | C95: 28 | D95: 2019.162 | E95: 15.310913 | F95: 2.908508 | G95: 0 | H95: 0 | I95: =E95+F95 -> 18.219421
A96: 2019 | B96: 3 | C96: 31 | D96: 2019.247 | E96: 15.468758 | F96: 2.9618239 | G96: 0 | H96: 0 | I96: =E96+F96 -> 18.430582
A97: 2019 | B97: 4 | C97: 30 | D97: 2019.329 | E97: 15.62082 | F97: 3.0187554 | G97: 0 | H97: 0 | I97: =E97+F97 -> 18.639575
A98: 2019 | B98: 5 | C98: 31 | D98: 2019.414 | E98: 15.783526 | F98: 3.0764916 | G98: 0 | H98: 0 | I98: =E98+F98 -> 18.860017
A99: 2019 | B99: 6 | C99: 30 | D99: 2019.496 | E99: 16.059178 | F99: 3.1456123 | G99: 0 | H99: 0 | I99: =E99+F99 -> 19.204791 | J99: 19.073246
A100: 2019 | B100: 7 | C100: 31 | D100: 2019.581 | E100: 16.341366 | F100: 3.2174725 | G100: 0 | H100: 0 | I100: =E100+F100 -> 19.558838
A101: 2019 | B101: 8 | C101: 31 | D101: 2019.666 | E101: 16.620673 | F101: 3.2960695 | G101: 0 | H101: 0 | I101: =E101+F101 -> 19.916742
A102: 2019 | B102: 9 | C102: 30 | D102: 2019.748 | E102: 16.888596 | F102: 3.3650325 | G102: 0 | H102: 0 | I102: =E102+F102 -> 20.253629
A103: 2019 | B103: 10 | C103: 31 | D103: 2019.833 | E103: 17.162991 | F103: 3.4137319 | G103: 0 | H103: 0 | I103: =E103+F103 -> 20.576723
A104: 2019 | B104: 11 | C104: 30 | D104: 2019.915 | E104: 17.426152 | F104: 3.4559224 | G104: 0 | H104: 0 | I104: =E104+F104 -> 20.882075
A105: 2019 | B105: 12 | C105: 31 | D105: 2020 | E105: 17.695622 | F105: 3.4979037 | G105: 0 | H105: 0 | I105: =E105+F105 -> 21.193526
A106: 2020 | B106: 1 | C106: 31 | D106: 2020.085 | E106: 17.961927 | F106: 3.5396586 | G106: 0 | H106: 0 | I106: =E106+F106 -> 21.501586
A107: 2020 | B107: 2 | C107: 29 | D107: 2020.164 | E107: 18.186581 | F107: 3.5796564 | G107: 0 | H107: 0 | I107: =E107+F107 -> 21.766237
A108: 2020 | B108: 3 | C108: 31 | D108: 2020.249 | E108: 18.424736 | F108: 3.6282527 | G108: 0 | H108: 0 | I108: =E108+F108 -> 22.052989
A109: 2020 | B109: 4 | C109: 30 | D109: 2020.331 | E109: 18.653255 | F109: 3.6819691 | G109: 0 | H109: 0 | I109: =E109+F109 -> 22.335224
A110: 2020 | B110: 5 | C110: 31 | D110: 2020.415 | E110: 18.878918 | F110: 3.7383693 | G110: 0 | H110: 0 | I110: =E110+F110 -> 22.617287
A111: 2020 | B111: 6 | C111: 30 | D111: 2020.497 | E111: 18.993379 | F111: 3.8037003 | G111: 0 | H111: 0 | I111: =E111+F111 -> 22.797079
... A310: 2037 | B310: 1 | C310: 31 | D310: 2037.085 | E310: 35.625709 | F310: 8.4959426 | G310: 0 | H310: 0 | I310: =E310+F310 -> 44.121652
I311: =E311+F311 -> 0

Sheet LIS_CEA_01
A8: Year | B8: Month | C8: Day | D8: Dec. Year | E8: C mass of trees | F8: C mass of forest debris | G8: CH4 emitted due to fire | H8: N2O emitted due to fire | I8: C mass of trees+debris
E9: tC/ha | F9: tC/ha | G9: tCH4/ha | H9: tN2O/ha | I9: tC/ha
A10: 2010 | B10: 8 | C10: 31 | D10: 2010.666 | E10: 0 | F10: 0 | I10: =E10+F10 -> 0
A11: 2010 | B11: 9 | C11: 30 | D11: 2010.748 | E11: 0.2937 | F11: 0.0037001183 | G11: 0 | H11: 0 | I11: =E11+F11 -> 0.29740012
A12: 2010 | B12: 10 | C12: 31 | D12: 2010.833 | E12: 0.2937 | F12: 0.0073371068 | G12: 0 | H12: 0 | I12: =E12+F12 -> 0.30103711
A13: 2010 | B13: 11 | C13: 30 | D13: 2010.915 | E13: 0.2937 | F13: 0.01074039 | G13: 0 | H13: 0 | I13: =E13+F13 -> 0.30444039
A14: 2010 | B14: 12 | C14: 31 | D14: 2011 | E14: 0.2937 | F14: 0.014177467 | G14: 0 | H14: 0 | I14: =E14+F14 -> 0.30787747
A15: 2011 | B15: 1 | C15: 31 | D15: 2011.085 | E15: 0.2937 | F15: 0.017737742 | G15: 0 | H15: 0 | I15: =E15+F15 -> 0.31143774
A16: 2011 | B16: 2 | C16: 28 | D16: 2011.162 | E16: 0.2937005 | F16: 0.020673934 | G16: 0 | H16: 0 | I16: =E16+F16 -> 0.31437444
A17: 2011 | B17: 3 | C17: 31 | D17: 2011.247 | E17: 0.29370279 | F17: 0.023911576 | G17: 0 | H17: 0 | I17: =E17+F17 -> 0.31761437
A18: 2011 | B18: 4 | C18: 30 | D18: 2011.329 | E18: 0.29371013 | F18: 0.027229565 | G18: 0 | H18: 0 | I18: =E18+F18 -> 0.3209397
A19: 2011 | B19: 5 | C19: 31 | D19: 2011.414 | E19: 0.29373102 | F19: 0.030284869 | G19: 0 | H19: 0 | I19: =E19+F19 -> 0.32401589
A20: 2011 | B20: 6 | C20: 30 | D20: 2011.496 | E20: 0.29377931 | F20: 0.033778268 | G20: 0 | H20: 0 | I20: =E20+F20 -> 0.32755758
A21: 2011 | B21: 7 | C21: 31 | D21: 2011.581 | E21: 0.29388609 | F21: 0.037048601 | G21: 0 | H21: 0 | I21: =E21+F21 -> 0.33093469
A22: 2011 | B22: 8 | C22: 31 | D22: 2011.666 | E22: 0.29409603 | F22: 0.039775652 | G22: 0 | H22: 0 | I22: =E22+F22 -> 0.33387168
... A80: 2016 | B80: 6 | C80: 30 | D80: 2016.497 | E80: 3.5280049 | F80: 0.62228189 | G80: 0 | H80: 0 | I80: =E80+F80 -> 4.1502868
A81: 2016 | B81: 7 | C81: 31 | D81: 2016.582 | E81: 3.7965498 | F81: 0.65081174 | G81: 0 | H81: 0 | I81: =E81+F81 -> 4.4473616 | K81: Year | L81: Month | M81: Trees+Debris | N81: Area | O81: Abatement (t C) | P81: Aabtement (tCO2) | Q81: Fuel Emissions tCO2e | R81: Net Abatement (tCO2e)
A82: 2016 | B82: 8 | C82: 31 | D82: 2016.667 | E82: 4.0713806 | F82: 0.68071944 | G82: 0 | H82: 0 | I82: =E82+F82 -> 4.7521 | K82: 2016 | L82: 6 | M82: =I80 -> 4.1502868 | N82: ='Abatement - Report 3'!$C$7 -> 3.24 | O82: =M82*N82 -> 13.446929 | P82: =O82*44/12 -> 49.305407 | Q82: ='Fuel Emissions'!$D$47 -> 0.13743644 | R82: =P82-Q82 -> 49.167971
A83: 2016 | B83: 9 | C83: 30 | D83: 2016.749 | E83: 4.3428184 | F83: 0.71138993 | G83: 0 | H83: 0 | I83: =E83+F83 -> 5.0542083 | K83: 2017 | L83: 6 | M83: =I92 -> 8.0254306 | N83: ='Abatement - Report 3'!$C$7 -> 3.24 | O83: =M83*N83 -> 26.002395 | P83: =O83*44/12 -> 95.342115 | Q83: ='Fuel Emissions'!$D$47 -> 0.13743644 | R83: =P83-Q83 -> 95.204679
A84: 2016 | B84: 10 | C84: 31 | D84: 2016.833 | E84: 4.62845 | F84: 0.7449466 | G84: 0 | H84: 0 | I84: =E84+F84 -> 5.3733966 | K84: 2018 | L84: 6 | M84: =I104 -> 10.414982 | N84: ='Abatement - Report 3'!$C$7 -> 3.24 | O84: =M84*N84 -> 33.744541 | P84: =O84*44/12 -> 123.72999 | Q84: ='Fuel Emissions'!$D$47 -> 0.13743644 | R84: =P84-Q84 -> 123.59255
A85: 2016 | B85: 11 | C85: 30 | D85: 2016.915 | E85: 4.9061425 | F85: 0.77907319 | G85: 0 | H85: 0 | I85: =E85+F85 -> 5.6852157 | K85: 2019 | L85: 6 | M85: =I116 -> 12.809904 | N85: ='Abatement - Report 3'!$C$7 -> 3.24 | O85: =M85*N85 -> 41.504089 | P85: =O85*44/12 -> 152.18166 | Q85: ='Fuel Emissions'!$D$47 -> 0.13743644 | R85: =P85-Q85 -> 152.04422
A86: 2016 | B86: 12 | C86: 31 | D86: 2017 | E86: 5.1972398 | F86: 0.81577389 | G86: 0 | H86: 0 | I86: =E86+F86 -> 6.0130137 | K86: 2020 | L86: 6 | M86: =I128 -> 15.172257 | N86: ='Abatement - Report 3'!$C$7 -> 3.24 | O86: =M86*N86 -> 49.158114 | P86: =O86*44/12 -> 180.24642 | Q86: ='Fuel Emissions'!$D$47 -> 0.13743644 | R86: =P86-Q86 -> 180.10898
A87: 2017 | B87: 1 | C87: 31 | D87: 2017.085 | E87: 5.4921072 | F87: 0.85378659 | G87: 0 | H87: 0 | I87: =E87+F87 -> 6.3458938 | K87: 2021 | L87: 6 | M87: =I140 -> 18.283453 | N87: ='Abatement - Report 3'!$C$7 -> 3.24 | O87: =M87*N87 -> 59.238386 | P87: =O87*44/12 -> 217.20742 | Q87: ='Fuel Emissions'!$D$47 -> 0.13743644 | R87: =P87-Q87 -> 217.06998
A88: 2017 | B88: 2 | C88: 28 | D88: 2017.162 | E88: 5.761323 | F88: 0.88990847 | G88: 0 | H88: 0 | I88: =E88+F88 -> 6.6512314 | K88: 2022 | L88: 6 | M88: =I152 -> 21.987397 | N88: ='Abatement - Report 3'!$C$7 -> 3.24 | O88: =M88*N88 -> 71.239167 | P88: =O88*44/12 -> 261.21028 | Q88: ='Fuel Emissions'!$D$47 -> 0.13743644 | R88: =P88-Q88 -> 261.07284
A89: 2017 | B89: 3 | C89: 31 | D89: 2017.247 | E89: 6.0622016 | F89: 0.93386252 | G89: 0 | H89: 0 | I89: =E89+F89 -> 6.9960642 | K89: 2023 | L89: 6 | M89: =I164 -> 24.695395 | N89: ='Abatement - Report 3'!$C$7 -> 3.24 | O89: =M89*N89 -> 80.013079 | P89: =O89*44/12 -> 293.38129 | Q89: ='Fuel Emissions'!$D$47 -> 0.13743644 | R89: =P89-Q89 -> 293.24385
A90: 2017 | B90: 4 | C90: 30 | D90: 2017.329 | E90: 6.3558438 | F90: 0.97931559 | G90: 0 | H90: 0 | I90: =E90+F90 -> 7.3351594 | K90: 2024 | L90: 6 | M90: =I176 -> 26.53084 | N90: ='Abatement - Report 3'!$C$7 -> 3.24 | O90: =M90*N90 -> 85.95992 | P90: =O90*44/12 -> 315.18637 | Q90: ='Fuel Emissions'!$D$47 -> 0.13743644 | R90: =P90-Q90 -> 315.04894
A91: 2017 | B91: 5 | C91: 31 | D91: 2017.414 | E91: 6.6589492 | F91: 1.0263181 | G91: 0 | H91: 0 | I91: =E91+F91 -> 7.6852673 | K91: 2025 | L91: 6 | M91: =I188 -> 28.23026 | N91: ='Abatement - Report 3'!$C$7 -> 3.24 | O91: =M91*N91 -> 91.466041 | P91: =O91*44/12 -> 335.37548 | Q91: ='Fuel Emissions'!$D$47 -> 0.13743644 | R91: =P91-Q91 -> 335.23805
A92: 2017 | B92: 6 | C92: 30 | D92: 2017.496 | E92: 6.9527553 | F92: 1.0726753 | G92: 0 | H92: 0 | I92: =E92+F92 -> 8.0254306 | J92: 6.1690429
A93: 2017 | B93: 7 | C93: 31 | D93: 2017.581 | E93: 7.1057822 | F93: 1.1200232 | G93: 0 | H93: 0 | I93: =E93+F93 -> 8.2258054
A94: 2017 | B94: 8 | C94: 31 | D94: 2017.666 | E94: 7.2591634 | F94: 1.167976 | G94: 0 | H94: 0 | I94: =E94+F94 -> 8.4271393
A95: 2017 | B95: 9 | C95: 30 | D95: 2017.748 | E95: 7.4078991 | F95: 1.2142243 | G95: 0 | H95: 0 | I95: =E95+F95 -> 8.6221234
A96: 2017 | B96: 10 | C96: 31 | D96: 2017.833 | E96: 7.5618705 | F96: 1.2619822 | G96: 0 | H96: 0 | I96: =E96+F96 -> 8.8238527
A97: 2017 | B97: 11 | C97: 30 | D97: 2017.915 | E97: 7.7111115 | F97: 1.3081413 | G97: 0 | H97: 0 | I97: =E97+F97 -> 9.0192528
A98: 2017 | B98: 12 | C98: 31 | D98: 2018 | E98: 7.865539 | F98: 1.3555585 | G98: 0 | H98: 0 | I98: =E98+F98 -> 9.2210976
A99: 2018 | B99: 1 | C99: 31 | D99: 2018.085 | E99: 8.0201498 | F99: 1.4024132 | G99: 0 | H99: 0 | I99: =E99+F99 -> 9.422563
A100: 2018 | B100: 2 | C100: 28 | D100: 2018.162 | E100: 8.1599296 | F100: 1.4453953 | G100: 0 | H100: 0 | I100: =E100+F100 -> 9.6053249
A101: 2018 | B101: 3 | C101: 31 | D101: 2018.247 | E101: 8.3138873 | F101: 1.4967701 | G101: 0 | H101: 0 | I101: =E101+F101 -> 9.8106575
A102: 2018 | B102: 4 | C102: 30 | D102: 2018.329 | E102: 8.4628741 | F102: 1.5486838 | G102: 0 | H102: 0 | I102: =E102+F102 -> 10.011558
A103: 2018 | B103: 5 | C103: 31 | D103: 2018.414 | E103: 8.6168931 | F103: 1.6000556 | G103: 0 | H103: 0 | I103: =E103+F103 -> 10.216949
A104: 2018 | B104: 6 | C104: 30 | D104: 2018.496 | E104: 8.7659822 | F104: 1.6489997 | G104: 0 | H104: 0 | I104: =E104+F104 -> 10.414982 | J104: 8.3827088
A105: 2018 | B105: 7 | C105: 31 | D105: 2018.581 | E105: 8.9200552 | F105: 1.6976327 | G105: 0 | H105: 0 | I105: =E105+F105 -> 10.617688
A106: 2018 | B106: 8 | C106: 31 | D106: 2018.666 | E106: 9.0741177 | F106: 1.7470059 | G106: 0 | H106: 0 | I106: =E106+F106 -> 10.821124
A107: 2018 | B107: 9 | C107: 30 | D107: 2018.748 | E107: 9.2231773 | F107: 1.7943837 | G107: 0 | H107: 0 | I107: =E107+F107 -> 11.017561
A108: 2018 | B108: 10 | C108: 31 | D108: 2018.833 | E108: 9.3771485 | F108: 1.8431307 | G108: 0 | H108: 0 | I108: =E108+F108 -> 11.220279
A109: 2018 | B109: 11 | C109: 30 | D109: 2018.915 | E109: 9.5260765 | F109: 1.8900689 | G109: 0 | H109: 0 | I109: =E109+F109 -> 11.416145
A110: 2018 | B110: 12 | C110: 31 | D110: 2019 | E110: 9.6798684 | F110: 1.9380329 | G110: 0 | H110: 0 | I110: =E110+F110 -> 11.617901
A111: 2019 | B111: 1 | C111: 31 | D111: 2019.085 | E111: 9.8335375 | F111: 1.9850069 | G111: 0 | H111: 0 | I111: =E111+F111 -> 11.818544
A112: 2019 | B112: 2 | C112: 28 | D112: 2019.162 | E112: 9.972213 | F112: 2.028253 | G112: 0 | H112: 0 | I112: =E112+F112 -> 12.000466
A113: 2019 | B113: 3 | C113: 31 | D113: 2019.247 | E113: 10.124901 | F113: 2.0811963 | G113: 0 | H113: 0 | I113: =E113+F113 -> 12.206098
A114: 2019 | B114: 4 | C114: 30 | D114: 2019.329 | E114: 10.272395 | F114: 2.1354218 | G114: 0 | H114: 0 | I114: =E114+F114 -> 12.407817
A115: 2019 | B115: 5 | C115: 31 | D115: 2019.414 | E115: 10.424612 | F115: 2.1882597 | G115: 0 | H115: 0 | I115: =E115+F115 -> 12.612871
A116: 2019 | B116: 6 | C116: 30 | D116: 2019.496 | E116: 10.571715 | F116: 2.2381891 | G116: 0 | H116: 0 | I116: =E116+F116 -> 12.809904 | J116: 10.693083
A117: 2019 | B117: 7 | C117: 31 | D117: 2019.581 | E117: 10.723495 | F117: 2.2870268 | G117: 0 | H117: 0 | I117: =E117+F117 -> 13.010522
A118: 2019 | B118: 8 | C118: 31 | D118: 2019.666 | E118: 10.87503 | F118: 2.3367463 | G118: 0 | H118: 0 | I118: =E118+F118 -> 13.211776
A119: 2019 | B119: 9 | C119: 30 | D119: 2019.748 | E119: 11.021428 | F119: 2.3842215 | G119: 0 | H119: 0 | I119: =E119+F119 -> 13.405649
A120: 2019 | B120: 10 | C120: 31 | D120: 2019.833 | E120: 11.172434 | F120: 2.4329003 | G120: 0 | H120: 0 | I120: =E120+F120 -> 13.605334
A121: 2019 | B121: 11 | C121: 30 | D121: 2019.915 | E121: 11.318293 | F121: 2.4796053 | G121: 0 | H121: 0 | I121: =E121+F121 -> 13.797898
A122: 2019 | B122: 12 | C122: 31 | D122: 2020 | E122: 11.468716 | F122: 2.5270831 | G122: 0 | H122: 0 | I122: =E122+F122 -> 13.995799
A123: 2020 | B123: 1 | C123: 31 | D123: 2020.085 | E123: 11.618822 | F123: 2.5731555 | G123: 0 | H123: 0 | I123: =E123+F123 -> 14.191978
A124: 2020 | B124: 2 | C124: 29 | D124: 2020.164 | E124: 11.758947 | F124: 2.6177587 | G124: 0 | H124: 0 | I124: =E124+F124 -> 14.376706
A125: 2020 | B125: 3 | C125: 31 | D125: 2020.249 | E125: 11.90784 | F125: 2.6712519 | G125: 0 | H125: 0 | I125: =E125+F125 -> 14.579092
A126: 2020 | B126: 4 | C126: 30 | D126: 2020.331 | E126: 12.051538 | F126: 2.7263948 | G126: 0 | H126: 0 | I126: =E126+F126 -> 14.777933
A127: 2020 | B127: 5 | C127: 31 | D127: 2020.415 | E127: 12.199671 | F127: 2.7798116 | G127: 0 | H127: 0 | I127: =E127+F127 -> 14.979483
A128: 2020 | B128: 6 | C128: 30 | D128: 2020.497 | E128: 12.342672 | F128: 2.8295854 | G128: 0 | H128: 0 | I128: =E128+F128 -> 15.172257
... A310: 2035 | B310: 8 | C310: 31 | D310: 2035.666 | E310: 32.335239 | F310: 8.2735678 | G310: 0 | H310: 0 | I310: =E310+F310 -> 40.608807
I311: =E311+F311 -> 0
I315: =SUM(I10:I311) -> 6225.455

Sheet STE_CEA_01
A8: Year | B8: Month | C8: Day | D8: Dec. Year | E8: C mass of trees | F8: C mass of forest debris | G8: CH4 emitted due to fire | H8: N2O emitted due to fire | I8: C mass of trees+debris
E9: tC/ha | F9: tC/ha | G9: tCH4/ha | H9: tN2O/ha | I9: tC/ha
A10: 2015 | B10: 4 | C10: 30 | D10: 2015.329 | E10: 0 | F10: 0 | I10: =F10+E10 -> 0
A11: 2015 | B11: 5 | C11: 31 | D11: 2015.414 | E11: 0.2937 | F11: 0.003565413 | G11: 0 | H11: 0 | I11: =F11+E11 -> 0.29726541
A12: 2015 | B12: 6 | C12: 30 | D12: 2015.496 | E12: 0.2937 | F12: 0.0071739704 | G12: 0 | H12: 0 | I12: =F12+E12 -> 0.30087397
A13: 2015 | B13: 7 | C13: 31 | D13: 2015.581 | E13: 0.2937032 | F13: 0.010800532 | G13: 0 | H13: 0 | I13: =F13+E13 -> 0.30450373
A14: 2015 | B14: 8 | C14: 31 | D14: 2015.666 | E14: 0.29394578 | F14: 0.014401062 | G14: 0 | H14: 0 | I14: =F14+E14 -> 0.30834685
A15: 2015 | B15: 9 | C15: 30 | D15: 2015.748 | E15: 0.29682937 | F15: 0.017789298 | G15: 0 | H15: 0 | I15: =F15+E15 -> 0.31461867
A16: 2015 | B16: 10 | C16: 31 | D16: 2015.833 | E16: 0.3113949 | F16: 0.021138902 | G16: 0 | H16: 0 | I16: =F16+E16 -> 0.3325338
A17: 2015 | B17: 11 | C17: 30 | D17: 2015.915 | E17: 0.36570045 | F17: 0.024804577 | G17: 0 | H17: 0 | I17: =F17+E17 -> 0.39050503
A18: 2015 | B18: 12 | C18: 31 | D18: 2016 | E18: 0.50723934 | F18: 0.029914419 | G18: 0 | H18: 0 | I18: =F18+E18 -> 0.53715376
A19: 2016 | B19: 1 | C19: 31 | D19: 2016.085 | E19: 0.76158436 | F19: 0.037738379 | G19: 0 | H19: 0 | I19: =F19+E19 -> 0.79932274
A20: 2016 | B20: 2 | C20: 29 | D20: 2016.164 | E20: 1.129558 | F20: 0.048784177 | G20: 0 | H20: 0 | I20: =F20+E20 -> 1.1783422
A21: 2016 | B21: 3 | C21: 31 | D21: 2016.249 | E21: 1.6698729 | F21: 0.066414419 | G21: 0 | H21: 0 | I21: =F21+E21 -> 1.7362874
A22: 2016 | B22: 4 | C22: 30 | D22: 2016.331 | E22: 2.4733447 | F22: 0.091050373 | G22: 0 | H22: 0 | I22: =F22+E22 -> 2.5643951
A23: 2016 | B23: 5 | C23: 31 | D23: 2016.415 | E23: 3.3484426 | F23: 0.125993 | G23: 0 | H23: 0 | I23: =F23+E23 -> 3.4744356
A24: 2016 | B24: 6 | C24: 30 | D24: 2016.497 | E24: 4.4675725 | F24: 0.17050779 | G24: 0 | H24: 0 | I24: =F24+E24 -> 4.6380803 | J24: 4.6380803
A25: 2016 | B25: 7 | C25: 31 | D25: 2016.582 | E25: 5.5535057 | F25: 0.22741882 | G25: 0 | H25: 0 | I25: =F25+E25 -> 5.7809245 | K25: Year | L25: Month | M25: Trees+Debris | N25: Area | O25: Abatement (t C) | P25: Aabtement (tCO2) | Q25: Fuel Emissions tCO2e | R25: Net Abatement (tCO2e)
A26: 2016 | B26: 8 | C26: 31 | D26: 2016.667 | E26: 6.4750943 | F26: 0.29409639 | G26: 0 | H26: 0 | I26: =F26+E26 -> 6.7691907 | K26: 2016 | L26: 6 | M26: =I24 -> 4.6380803 | N26: ='Abatement - Report 3'!$C$8 -> 13.77 | O26: =M26*N26 -> 63.866366 | P26: =O26*44/12 -> 234.17668 | Q26: ='Fuel Emissions'!$D$48 -> 0.58410488 | R26: =P26-Q26 -> 233.59257
A27: 2016 | B27: 9 | C27: 30 | D27: 2016.749 | E27: 7.4131454 | F27: 0.36514941 | G27: 0 | H27: 0 | I27: =F27+E27 -> 7.7782948 | K27: 2017 | L27: 6 | M27: =I36 -> 14.87838 | N27: ='Abatement - Report 3'!$C$8 -> 13.77 | O27: =M27*N27 -> 204.8753 | P27: =O27*44/12 -> 751.20942 | Q27: ='Fuel Emissions'!$D$48 -> 0.58410488 | R27: =P27-Q27 -> 750.62532
A28: 2016 | B28: 10 | C28: 31 | D28: 2016.833 | E28: 8.420911 | F28: 0.44323754 | G28: 0 | H28: 0 | I28: =F28+E28 -> 8.8641485 | K28: 2018 | L28: 6 | M28: =I48 -> 22.420642 | N28: ='Abatement - Report 3'!$C$8 -> 13.77 | O28: =M28*N28 -> 308.73223 | P28: =O28*44/12 -> 1132.0182 | Q28: ='Fuel Emissions'!$D$48 -> 0.58410488 | R28: =P28-Q28 -> 1131.4341
A29: 2016 | B29: 11 | C29: 30 | D29: 2016.915 | E29: 9.1667682 | F29: 0.52489649 | G29: 0 | H29: 0 | I29: =F29+E29 -> 9.6916647 | K29: 2019 | L29: 6 | M29: =I60 -> 30.319373 | N29: ='Abatement - Report 3'!$C$8 -> 13.77 | O29: =M29*N29 -> 417.49776 | P29: =O29*44/12 -> 1530.8251 | Q29: ='Fuel Emissions'!$D$48 -> 0.58410488 | R29: =P29-Q29 -> 1530.241
A30: 2016 | B30: 12 | C30: 31 | D30: 2017 | E30: 9.9533316 | F30: 0.61351294 | G30: 0 | H30: 0 | I30: =F30+E30 -> 10.566845 | K30: 2020 | L30: 6 | M30: =I72 -> 37.126044 | N30: ='Abatement - Report 3'!$C$8 -> 13.77 | O30: =M30*N30 -> 511.22563 | P30: =O30*44/12 -> 1874.494 | Q30: ='Fuel Emissions'!$D$48 -> 0.58410488 | R30: =P30-Q30 -> 1873.9099
A31: 2017 | B31: 1 | C31: 31 | D31: 2017.085 | E31: 10.753408 | F31: 0.70670332 | G31: 0 | H31: 0 | I31: =F31+E31 -> 11.460111 | K31: 2021 | L31: 6 | M31: =I84 -> 43.69918 | N31: ='Abatement - Report 3'!$C$8 -> 13.77 | O31: =M31*N31 -> 601.73771 | P31: =O31*44/12 -> 2206.3716 | Q31: ='Fuel Emissions'!$D$48 -> 0.58410488 | R31: =P31-Q31 -> 2205.7875
A32: 2017 | B32: 2 | C32: 28 | D32: 2017.162 | E32: 11.485658 | F32: 0.79485191 | G32: 0 | H32: 0 | I32: =F32+E32 -> 12.28051 | K32: 2022 | L32: 6 | M32: =I96 -> 49.040594 | N32: ='Abatement - Report 3'!$C$8 -> 13.77 | O32: =M32*N32 -> 675.28897 | P32: =O32*44/12 -> 2476.0596 | Q32: ='Fuel Emissions'!$D$48 -> 0.58410488 | R32: =P32-Q32 -> 2475.4755
A33: 2017 | B33: 3 | C33: 31 | D33: 2017.247 | E33: 12.298406 | F33: 0.89736322 | G33: 0 | H33: 0 | I33: =F33+E33 -> 13.19577 | K33: 2023 | L33: 6 | M33: =I108 -> 54.372983 | N33: ='Abatement - Report 3'!$C$8 -> 13.77 | O33: =M33*N33 -> 748.71597 | P33: =O33*44/12 -> 2745.2919 | Q33: ='Fuel Emissions'!$D$48 -> 0.58410488 | R33: =P33-Q33 -> 2744.7078
A34: 2017 | B34: 4 | C34: 30 | D34: 2017.329 | E34: 12.832912 | F34: 1.0007739 | G34: 0 | H34: 0 | I34: =F34+E34 -> 13.833686 | K34: 2024 | L34: 6 | M34: =I120 -> 59.013924 | N34: ='Abatement - Report 3'!$C$8 -> 13.77 | O34: =M34*N34 -> 812.62173 | P34: =O34*44/12 -> 2979.613 | Q34: ='Fuel Emissions'!$D$48 -> 0.58410488 | R34: =P34-Q34 -> 2979.0289
A35: 2017 | B35: 5 | C35: 31 | D35: 2017.414 | E35: 13.380942 | F35: 1.1090156 | G35: 0 | H35: 0 | I35: =F35+E35 -> 14.489958 | K35: 2025 | L35: 6 | M35: =I132 -> 63.172291 | N35: ='Abatement - Report 3'!$C$8 -> 13.77 | O35: =M35*N35 -> 869.88245 | P35: =O35*44/12 -> 3189.569 | Q35: ='Fuel Emissions'!$D$48 -> 0.58410488 | R35: =P35-Q35 -> 3188.9849
A36: 2017 | B36: 6 | C36: 30 | D36: 2017.496 | E36: 13.657971 | F36: 1.2204095 | G36: 0 | H36: 0 | I36: =F36+E36 -> 14.87838 | J36: 14.87838
A37: 2017 | B37: 7 | C37: 31 | D37: 2017.581 | E37: 13.933231 | F37: 1.3360514 | G37: 0 | H37: 0 | I37: =F37+E37 -> 15.269283
A38: 2017 | B38: 8 | C38: 31 | D38: 2017.666 | E38: 14.480399 | F38: 1.4558244 | G38: 0 | H38: 0 | I38: =F38+E38 -> 15.936224
A39: 2017 | B39: 9 | C39: 30 | D39: 2017.748 | E39: 15.013628 | F39: 1.5714125 | G39: 0 | H39: 0 | I39: =F39+E39 -> 16.585041
A40: 2017 | B40: 10 | C40: 31 | D40: 2017.833 | E40: 15.563366 | F40: 1.6805774 | G40: 0 | H40: 0 | I40: =F40+E40 -> 17.243943
A41: 2017 | B41: 11 | C41: 30 | D41: 2017.915 | E41: 16.095644 | F41: 1.7866309 | G41: 0 | H41: 0 | I41: =F41+E41 -> 17.882275
A42: 2017 | B42: 12 | C42: 31 | D42: 2018 | E42: 16.64559 | F42: 1.8965865 | G42: 0 | H42: 0 | I42: =F42+E42 -> 18.542176
A43: 2018 | B43: 1 | C43: 31 | D43: 2018.085 | E43: 17.19512 | F43: 2.0077306 | G43: 0 | H43: 0 | I43: =F43+E43 -> 19.202851
A44: 2018 | B44: 2 | C44: 28 | D44: 2018.162 | E44: 17.690849 | F44: 2.1093813 | G44: 0 | H44: 0 | I44: =F44+E44 -> 19.80023
A45: 2018 | B45: 3 | C45: 31 | D45: 2018.247 | E45: 18.23754 | F45: 2.2251197 | G45: 0 | H45: 0 | I45: =F45+E45 -> 20.46266
A46: 2018 | B46: 4 | C46: 30 | D46: 2018.329 | E46: 18.763795 | F46: 2.3414269 | G46: 0 | H46: 0 | I46: =F46+E46 -> 21.105222
A47: 2018 | B47: 5 | C47: 31 | D47: 2018.414 | E47: 19.306099 | F47: 2.4619629 | G47: 0 | H47: 0 | I47: =F47+E47 -> 21.768062
A48: 2018 | B48: 6 | C48: 30 | D48: 2018.496 | E48: 19.829245 | F48: 2.5913966 | G48: 0 | H48: 0 | I48: =F48+E48 -> 22.420642 | J48: 19.379306
A49: 2018 | B49: 7 | C49: 31 | D49: 2018.581 | E49: 20.632101 | F49: 2.7291724 | G49: 0 | H49: 0 | I49: =F49+E49 -> 23.361273
A50: 2018 | B50: 8 | C50: 31 | D50: 2018.666 | E50: 21.173926 | F50: 2.8748886 | G50: 0 | H50: 0 | I50: =F50+E50 -> 24.048815
A51: 2018 | B51: 9 | C51: 30 | D51: 2018.748 | E51: 21.68759 | F51: 3.012977 | G51: 0 | H51: 0 | I51: =F51+E51 -> 24.700567
A52: 2018 | B52: 10 | C52: 31 | D52: 2018.833 | E52: 22.215765 | F52: 3.1340376 | G52: 0 | H52: 0 | I52: =F52+E52 -> 25.349802
A53: 2018 | B53: 11 | C53: 30 | D53: 2018.915 | E53: 22.724311 | F53: 3.2491797 | G53: 0 | H53: 0 | I53: =F53+E53 -> 25.973491
A54: 2018 | B54: 12 | C54: 31 | D54: 2019 | E54: 23.247 | F54: 3.3669807 | G54: 0 | H54: 0 | I54: =F54+E54 -> 26.61398
A55: 2019 | B55: 1 | C55: 31 | D55: 2019.085 | E55: 23.766712 | F55: 3.4850783 | G55: 0 | H55: 0 | I55: =F55+E55 -> 27.25179
A56: 2019 | B56: 2 | C56: 28 | D56: 2019.162 | E56: 24.233478 | F56: 3.592497 | G56: 0 | H56: 0 | I56: =F56+E56 -> 27.825975
A57: 2019 | B57: 3 | C57: 31 | D57: 2019.247 | E57: 24.742899 | F57: 3.7145827 | G57: 0 | H57: 0 | I57: =F57+E57 -> 28.457482
A58: 2019 | B58: 4 | C58: 30 | D58: 2019.329 | E58: 25.232511 | F58: 3.8373238 | G58: 0 | H58: 0 | I58: =F58+E58 -> 29.069835
A59: 2019 | B59: 5 | C59: 31 | D59: 2019.414 | E59: 25.735175 | F59: 3.9624566 | G59: 0 | H59: 0 | I59: =F59+E59 -> 29.697631
A60: 2019 | B60: 6 | C60: 30 | D60: 2019.496 | E60: 26.21839 | F60: 4.1009829 | G60: 0 | H60: 0 | I60: =F60+E60 -> 30.319373 | J60: 23.793113
A61: 2019 | B61: 7 | C61: 31 | D61: 2019.581 | E61: 26.472784 | F61: 4.2461913 | G61: 0 | H61: 0 | I61: =F61+E61 -> 30.718975
A62: 2019 | B62: 8 | C62: 31 | D62: 2019.666 | E62: 26.962936 | F62: 4.3989159 | G62: 0 | H62: 0 | I62: =F62+E62 -> 31.361852
A63: 2019 | B63: 9 | C63: 30 | D63: 2019.748 | E63: 27.437207 | F63: 4.540843 | G63: 0 | H63: 0 | I63: =F63+E63 -> 31.97805
A64: 2019 | B64: 10 | C64: 31 | D64: 2019.833 | E64: 27.923091 | F64: 4.6536125 | G64: 0 | H64: 0 | I64: =F64+E64 -> 32.576703
A65: 2019 | B65: 11 | C65: 30 | D65: 2019.915 | E65: 28.38985 | F65: 4.7575568 | G65: 0 | H65: 0 | I65: =F65+E65 -> 33.147407
A66: 2019 | B66: 12 | C66: 31 | D66: 2020 | E66: 28.868567 | F66: 4.8618376 | G66: 0 | H66: 0 | I66: =F66+E66 -> 33.730405
A67: 2020 | B67: 1 | C67: 31 | D67: 2020.085 | E67: 29.343594 | F67: 4.9651536 | G67: 0 | H67: 0 | I67: =F67+E67 -> 34.308747
A68: 2020 | B68: 2 | C68: 29 | D68: 2020.164 | E68: 29.784609 | F68: 5.0617962 | G68: 0 | H68: 0 | I68: =F68+E68 -> 34.846405
A69: 2020 | B69: 3 | C69: 31 | D69: 2020.249 | E69: 30.251965 | F69: 5.1696018 | G69: 0 | H69: 0 | I69: =F69+E69 -> 35.421567
A70: 2020 | B70: 4 | C70: 30 | D70: 2020.331 | E70: 30.700139 | F70: 5.2799269 | G70: 0 | H70: 0 | I70: =F70+E70 -> 35.980066
A71: 2020 | B71: 5 | C71: 31 | D71: 2020.415 | E71: 31.159555 | F71: 5.3941102 | G71: 0 | H71: 0 | I71: =F71+E71 -> 36.553665
A72: 2020 | B72: 6 | C72: 30 | D72: 2020.497 | E72: 31.600565 | F72: 5.5254791 | G72: 0 | H72: 0 | I72: =F72+E72 -> 37.126044
... A310: 2040 | B310: 4 | C310: 30 | D310: 2040.331 | E310: 69.136749 | F310: 16.514185 | G310: 0 | H310: 0 | I310: =F310+E310 -> 85.650934
I311: =F311+E311 -> 0

Sheet STE_CEA_02
A8: Year | B8: Month | C8: Day | D8: Dec. Year | E8: C mass of trees | F8: C mass of forest debris | G8: CH4 emitted due to fire | H8: N2O emitted due to fire | I8: C mass of trees+debris
E9: tC/ha | F9: tC/ha | G9: tC/ha | H9: tN2O/ha | I9: tC/ha
A10: 2015 | B10: 4 | C10: 30 | D10: 2015.329 | E10: 0 | F10: 0 | I10: =E10+F10 -> 0
A11: 2015 | B11: 5 | C11: 31 | D11: 2015.414 | E11: 0.2937 | F11: 0.0036864449 | G11: 0 | H11: 0 | I11: =E11+F11 -> 0.29738644
A12: 2015 | B12: 6 | C12: 30 | D12: 2015.496 | E12: 0.2937 | F12: 0.0072950377 | G12: 0 | H12: 0 | I12: =E12+F12 -> 0.30099504
A13: 2015 | B13: 7 | C13: 31 | D13: 2015.581 | E13: 0.29370388 | F13: 0.010920921 | G13: 0 | H13: 0 | I13: =E13+F13 -> 0.3046248
A14: 2015 | B14: 8 | C14: 31 | D14: 2015.666 | E14: 0.29397335 | F14: 0.014522993 | G14: 0 | H14: 0 | I14: =E14+F14 -> 0.30849634
A15: 2015 | B15: 9 | C15: 30 | D15: 2015.748 | E15: 0.29705838 | F15: 0.017912117 | G15: 0 | H15: 0 | I15: =E15+F15 -> 0.3149705
A16: 2015 | B16: 10 | C16: 31 | D16: 2015.833 | E16: 0.3122045 | F16: 0.021266841 | G16: 0 | H16: 0 | I16: =E16+F16 -> 0.33347134
A17: 2015 | B17: 11 | C17: 30 | D17: 2015.915 | E17: 0.36824685 | F17: 0.02495291 | G17: 0 | H17: 0 | I17: =E17+F17 -> 0.39319976
A18: 2015 | B18: 12 | C18: 31 | D18: 2016 | E18: 0.51296191 | F18: 0.030119987 | G18: 0 | H18: 0 | I18: =E18+F18 -> 0.5430819
A19: 2016 | B19: 1 | C19: 31 | D19: 2016.085 | E19: 0.77095398 | F19: 0.038039505 | G19: 0 | H19: 0 | I19: =E19+F19 -> 0.80899349
A20: 2016 | B20: 2 | C20: 29 | D20: 2016.164 | E20: 1.143598 | F20: 0.049225862 | G20: 0 | H20: 0 | I20: =E20+F20 -> 1.1928238
A21: 2016 | B21: 3 | C21: 31 | D21: 2016.249 | E21: 1.6886116 | F21: 0.067059773 | G21: 0 | H21: 0 | I21: =E21+F21 -> 1.7556714
A22: 2016 | B22: 4 | C22: 30 | D22: 2016.331 | E22: 2.4985468 | F22: 0.091951213 | G22: 0 | H22: 0 | I22: =E22+F22 -> 2.5904981
... A24: 2016 | B24: 6 | C24: 30 | D24: 2016.497 | E24: 4.4841579 | F24: 0.17174437 | G24: 0 | H24: 0 | I24: =E24+F24 -> 4.6559022
A25: 2016 | B25: 7 | C25: 31 | D25: 2016.582 | E25: 5.5733337 | F25: 0.22888167 | G25: 0 | H25: 0 | I25: =E25+F25 -> 5.8022154 | K25: Year | L25: Month | M25: Trees+Debris | N25: Area | O25: Abatement (t C) | P25: Aabtement (tCO2) | Q25: Fuel Emissions tCO2e | R25: Net Abatement (tCO2e)
A26: 2016 | B26: 8 | C26: 31 | D26: 2016.667 | E26: 6.4970768 | F26: 0.29579844 | G26: 0 | H26: 0 | I26: =E26+F26 -> 6.7928753 | K26: 2016 | L26: 6 | M26: =I24 -> 4.6559022 | N26: ='Abatement - Report 3'!$C$9 -> 24.62 | O26: =M26*N26 -> 114.62831 | P26: =O26*44/12 -> 420.30381 | Q26: ='Fuel Emissions'!$D$49 -> 1.0443473 | R26: =P26-Q26 -> 419.25947
A27: 2016 | B27: 9 | C27: 30 | D27: 2016.749 | E27: 7.437726 | F27: 0.36708273 | G27: 0 | H27: 0 | I27: =E27+F27 -> 7.8048087 | K27: 2017 | L27: 6 | M27: =I36 -> 14.923853 | N27: ='Abatement - Report 3'!$C$9 -> 24.62 | O27: =M27*N27 -> 367.42526 | P27: =O27*44/12 -> 1347.226 | Q27: ='Fuel Emissions'!$D$49 -> 1.0443473 | R27: =P27-Q27 -> 1346.1816
A28: 2016 | B28: 10 | C28: 31 | D28: 2016.833 | E28: 8.4482073 | F28: 0.44538684 | G28: 0 | H28: 0 | I28: =E28+F28 -> 8.8935941 | K28: 2018 | L28: 6 | M28: =I48 -> 22.486324 | N28: ='Abatement - Report 3'!$C$9 -> 24.62 | O28: =M28*N28 -> 553.6133 | P28: =O28*44/12 -> 2029.9154 | Q28: ='Fuel Emissions'!$D$49 -> 1.0443473 | R28: =P28-Q28 -> 2028.8711
A29: 2016 | B29: 11 | C29: 30 | D29: 2016.915 | E29: 9.1960326 | F29: 0.52727348 | G29: 0 | H29: 0 | I29: =E29+F29 -> 9.7233061 | K29: 2019 | L29: 6 | M29: =I60 -> 30.406572 | N29: ='Abatement - Report 3'!$C$9 -> 24.62 | O29: =M29*N29 -> 748.60981 | P29: =O29*44/12 -> 2744.9026 | Q29: ='Fuel Emissions'!$D$49 -> 1.0443473 | R29: =P29-Q29 -> 2743.8583
A30: 2016 | B30: 12 | C30: 31 | D30: 2017 | E30: 9.9846389 | F30: 0.61612867 | G30: 0 | H30: 0 | I30: =E30+F30 -> 10.600768 | K30: 2020 | L30: 6 | M30: =I72 -> 37.232909 | N30: ='Abatement - Report 3'!$C$9 -> 24.62 | O30: =M30*N30 -> 916.67422 | P30: =O30*44/12 -> 3361.1388 | Q30: ='Fuel Emissions'!$D$49 -> 1.0443473 | R30: =P30-Q30 -> 3360.0945
A31: 2017 | B31: 1 | C31: 31 | D31: 2017.085 | E31: 10.786763 | F31: 0.70958279 | G31: 0 | H31: 0 | I31: =E31+F31 -> 11.496346 | K31: 2021 | L31: 6 | M31: =I84 -> 43.825521 | N31: ='Abatement - Report 3'!$C$9 -> 24.62 | O31: =M31*N31 -> 1078.9843 | P31: =O31*44/12 -> 3956.2758 | Q31: ='Fuel Emissions'!$D$49 -> 1.0443473 | R31: =P31-Q31 -> 3955.2315
A32: 2017 | B32: 2 | C32: 28 | D32: 2017.162 | E32: 11.520865 | F32: 0.7979906 | G32: 0 | H32: 0 | I32: =E32+F32 -> 12.318855 | K32: 2022 | L32: 6 | M32: =I96 -> 49.183794 | N32: ='Abatement - Report 3'!$C$9 -> 24.62 | O32: =M32*N32 -> 1210.905 | P32: =O32*44/12 -> 4439.985 | Q32: ='Fuel Emissions'!$D$49 -> 1.0443473 | R32: =P32-Q32 -> 4438.9407
A33: 2017 | B33: 3 | C33: 31 | D33: 2017.247 | E33: 12.335645 | F33: 0.90083532 | G33: 0 | H33: 0 | I33: =E33+F33 -> 13.23648 | K33: 2023 | L33: 6 | M33: =I108 -> 54.533016 | N33: ='Abatement - Report 3'!$C$9 -> 24.62 | O33: =M33*N33 -> 1342.6029 | P33: =O33*44/12 -> 4922.8771 | Q33: ='Fuel Emissions'!$D$49 -> 1.0443473 | R33: =P33-Q33 -> 4921.8328
A34: 2017 | B34: 4 | C34: 30 | D34: 2017.329 | E34: 12.871475 | F34: 1.0046849 | G34: 0 | H34: 0 | I34: =E34+F34 -> 13.87616 | K34: 2024 | L34: 6 | M34: =I120 -> 59.189153 | N34: ='Abatement - Report 3'!$C$9 -> 24.62 | O34: =M34*N34 -> 1457.237 | P34: =O34*44/12 -> 5343.2022 | Q34: ='Fuel Emissions'!$D$49 -> 1.0443473 | R34: =P34-Q34 -> 5342.1578
A35: 2017 | B35: 5 | C35: 31 | D35: 2017.414 | E35: 13.420855 | F35: 1.1133575 | G35: 0 | H35: 0 | I35: =E35+F35 -> 14.534213 | K35: 2025 | L35: 6 | M35: =I132 -> 63.361401 | N35: ='Abatement - Report 3'!$C$9 -> 24.62 | O35: =M35*N35 -> 1559.9577 | P35: =O35*44/12 -> 5719.8449 | Q35: ='Fuel Emissions'!$D$49 -> 1.0443473 | R35: =P35-Q35 -> 5718.8006
A36: 2017 | B36: 6 | C36: 30 | D36: 2017.496 | E36: 13.698562 | F36: 1.2252907 | G36: 0 | H36: 0 | I36: =E36+F36 -> 14.923853 | J36: 14.923853
A37: 2017 | B37: 7 | C37: 31 | D37: 2017.581 | E37: 13.974495 | F37: 1.3414563 | G37: 0 | H37: 0 | I37: =E37+F37 -> 15.315952
A38: 2017 | B38: 8 | C38: 31 | D38: 2017.666 | E38: 14.522995 | F38: 1.4618144 | G38: 0 | H38: 0 | I38: =E38+F38 -> 15.984809
A39: 2017 | B39: 9 | C39: 30 | D39: 2017.748 | E39: 15.057515 | F39: 1.5778877 | G39: 0 | H39: 0 | I39: =E39+F39 -> 16.635402
A40: 2017 | B40: 10 | C40: 31 | D40: 2017.833 | E40: 15.608576 | F40: 1.6874095 | G40: 0 | H40: 0 | I40: =E40+F40 -> 17.295986
A41: 2017 | B41: 11 | C41: 30 | D41: 2017.915 | E41: 16.14213 | F41: 1.7937585 | G41: 0 | H41: 0 | I41: =E41+F41 -> 17.935889
A42: 2017 | B42: 12 | C42: 31 | D42: 2018 | E42: 16.693389 | F42: 1.9039829 | G42: 0 | H42: 0 | I42: =E42+F42 -> 18.597372
A43: 2018 | B43: 1 | C43: 31 | D43: 2018.085 | E43: 17.244226 | F43: 2.0154313 | G43: 0 | H43: 0 | I43: =E43+F43 -> 19.259657
A44: 2018 | B44: 2 | C44: 28 | D44: 2018.162 | E44: 17.741129 | F44: 2.1173886 | G44: 0 | H44: 0 | I44: =E44+F44 -> 19.858517
A45: 2018 | B45: 3 | C45: 31 | D45: 2018.247 | E45: 18.289019 | F45: 2.2335444 | G45: 0 | H45: 0 | I45: =E45+F45 -> 20.522564
A46: 2018 | B46: 4 | C46: 30 | D46: 2018.329 | E46: 18.816513 | F46: 2.3504901 | G46: 0 | H46: 0 | I46: =E46+F46 -> 21.167003
A47: 2018 | B47: 5 | C47: 31 | D47: 2018.414 | E47: 19.360089 | F47: 2.4716301 | G47: 0 | H47: 0 | I47: =E47+F47 -> 21.831719
A48: 2018 | B48: 6 | C48: 30 | D48: 2018.496 | E48: 19.884458 | F48: 2.6018656 | G48: 0 | H48: 0 | I48: =E48+F48 -> 22.486324 | J48: 19.437781
A49: 2018 | B49: 7 | C49: 31 | D49: 2018.581 | E49: 20.689186 | F49: 2.7404116 | G49: 0 | H49: 0 | I49: =E49+F49 -> 23.429598
A50: 2018 | B50: 8 | C50: 31 | D50: 2018.666 | E50: 21.23227 | F50: 2.8869943 | G50: 0 | H50: 0 | I50: =E50+F50 -> 24.119265
A51: 2018 | B51: 9 | C51: 30 | D51: 2018.748 | E51: 21.747052 | F51: 3.025756 | G51: 0 | H51: 0 | I51: =E51+F51 -> 24.772808
A52: 2018 | B52: 10 | C52: 31 | D52: 2018.833 | E52: 22.27645 | F52: 3.1472364 | G52: 0 | H52: 0 | I52: =E52+F52 -> 25.423686
A53: 2018 | B53: 11 | C53: 30 | D53: 2018.915 | E53: 22.78617 | F53: 3.2626573 | G53: 0 | H53: 0 | I53: =E53+F53 -> 26.048827
A54: 2018 | B54: 12 | C54: 31 | D54: 2019 | E54: 23.310063 | F54: 3.3806721 | G54: 0 | H54: 0 | I54: =E54+F54 -> 26.690735
A55: 2019 | B55: 1 | C55: 31 | D55: 2019.085 | E55: 23.830971 | F55: 3.4990399 | G55: 0 | H55: 0 | I55: =E55+F55 -> 27.33001
A56: 2019 | B56: 2 | C56: 28 | D56: 2019.162 | E56: 24.298809 | F56: 3.6067545 | G56: 0 | H56: 0 | I56: =E56+F56 -> 27.905563
A57: 2019 | B57: 3 | C57: 31 | D57: 2019.247 | E57: 24.809398 | F57: 3.7292963 | G57: 0 | H57: 0 | I57: =E57+F57 -> 28.538694
A58: 2019 | B58: 4 | C58: 30 | D58: 2019.329 | E58: 25.300131 | F58: 3.8528551 | G58: 0 | H58: 0 | I58: =E58+F58 -> 29.152986
A59: 2019 | B59: 5 | C59: 31 | D59: 2019.414 | E59: 25.803944 | F59: 3.9787402 | G59: 0 | H59: 0 | I59: =E59+F59 -> 29.782684
A60: 2019 | B60: 6 | C60: 30 | D60: 2019.496 | E60: 26.288263 | F60: 4.1183095 | G60: 0 | H60: 0 | I60: =E60+F60 -> 30.406572 | J60: 23.864991
A61: 2019 | B61: 7 | C61: 31 | D61: 2019.581 | E61: 26.543237 | F61: 4.2644972 | G61: 0 | H61: 0 | I61: =E61+F61 -> 30.807735
A62: 2019 | B62: 8 | C62: 31 | D62: 2019.666 | E62: 27.034507 | F62: 4.4183234 | G62: 0 | H62: 0 | I62: =E62+F62 -> 31.45283
A63: 2019 | B63: 9 | C63: 30 | D63: 2019.748 | E63: 27.509857 | F63: 4.561079 | G63: 0 | H63: 0 | I63: =E63+F63 -> 32.070937
A64: 2019 | B64: 10 | C64: 31 | D64: 2019.833 | E64: 27.996847 | F64: 4.674286 | G64: 0 | H64: 0 | I64: =E64+F64 -> 32.671133
A65: 2019 | B65: 11 | C65: 30 | D65: 2019.915 | E65: 28.464667 | F65: 4.778435 | G65: 0 | H65: 0 | I65: =E65+F65 -> 33.243102
A66: 2019 | B66: 12 | C66: 31 | D66: 2020 | E66: 28.944471 | F66: 4.882812 | G66: 0 | H66: 0 | I66: =E66+F66 -> 33.827283
A67: 2020 | B67: 1 | C67: 31 | D67: 2020.085 | E67: 29.420575 | F67: 4.9863004 | G67: 0 | H67: 0 | I67: =E67+F67 -> 34.406875
A68: 2020 | B68: 2 | C68: 29 | D68: 2020.164 | E68: 29.86259 | F68: 5.0831815 | G68: 0 | H68: 0 | I68: =E68+F68 -> 34.945771
A69: 2020 | B69: 3 | C69: 31 | D69: 2020.249 | E69: 30.330972 | F69: 5.1914458 | G69: 0 | H69: 0 | I69: =E69+F69 -> 35.522417
A70: 2020 | B70: 4 | C70: 30 | D70: 2020.331 | E70: 30.78016 | F70: 5.3026779 | G70: 0 | H70: 0 | I70: =E70+F70 -> 36.082838
A71: 2020 | B71: 5 | C71: 31 | D71: 2020.415 | E71: 31.240615 | F71: 5.4177283 | G71: 0 | H71: 0 | I71: =E71+F71 -> 36.658344
A72: 2020 | B72: 6 | C72: 30 | D72: 2020.497 | E72: 31.682623 | F72: 5.5502861 | G72: 0 | H72: 0 | I72: =E72+F72 -> 37.232909
... A310: 2040 | B310: 4 | C310: 30 | D310: 2040.331 | E310: 69.303566 | F310: 16.623066 | G310: 0 | H310: 0 | I310: =E310+F310 -> 85.926632
I311: =E311+F311 -> 0

Sheet STE_CEA_03
A8: Year | B8: Month | C8: Day | D8: Dec. Year | E8: C mass of trees | F8: C mass of forest debris | G8: CH4 emitted due to fire | H8: N2O emitted due to fire | I8: C mass of trees+debris
D9: tC/ha | E9: tC/ha | F9: tC/ha | G9: tCH4/ha | H9: tN2O/ha | I9: tC/ha
A10: 2015 | B10: 4 | C10: 30 | D10: 2015.329 | E10: 0 | F10: 0 | I10: =E10+F10 -> 0
A11: 2015 | B11: 5 | C11: 31 | D11: 2015.414 | E11: 0.2937 | F11: 0.0036864449 | G11: 0 | H11: 0 | I11: =E11+F11 -> 0.29738644
A12: 2015 | B12: 6 | C12: 30 | D12: 2015.496 | E12: 0.2937 | F12: 0.0072950377 | G12: 0 | H12: 0 | I12: =E12+F12 -> 0.30099504
A13: 2015 | B13: 7 | C13: 31 | D13: 2015.581 | E13: 0.29370386 | F13: 0.010920921 | G13: 0 | H13: 0 | I13: =E13+F13 -> 0.30462478
A14: 2015 | B14: 8 | C14: 31 | D14: 2015.666 | E14: 0.29397233 | F14: 0.014522988 | G14: 0 | H14: 0 | I14: =E14+F14 -> 0.30849532
A15: 2015 | B15: 9 | C15: 30 | D15: 2015.748 | E15: 0.2970459 | F15: 0.01791203 | G15: 0 | H15: 0 | I15: =E15+F15 -> 0.31495793
A16: 2015 | B16: 10 | C16: 31 | D16: 2015.833 | E16: 0.31213572 | F16: 0.021266179 | G16: 0 | H16: 0 | I16: =E16+F16 -> 0.3334019
A17: 2015 | B17: 11 | C17: 30 | D17: 2015.915 | E17: 0.36796979 | F17: 0.024949936 | G17: 0 | H17: 0 | I17: =E17+F17 -> 0.39291973
A18: 2015 | B18: 12 | C18: 31 | D18: 2016 | E18: 0.512147 | F18: 0.030109261 | G18: 0 | H18: 0 | I18: =E18+F18 -> 0.54225626
A19: 2016 | B19: 1 | C19: 31 | D19: 2016.085 | E19: 0.76918021 | F19: 0.038010505 | G19: 0 | H19: 0 | I19: =E19+F19 -> 0.80719071
A20: 2016 | B20: 2 | C20: 29 | D20: 2016.164 | E20: 1.1404392 | F20: 0.04916548 | G20: 0 | H20: 0 | I20: =E20+F20 -> 1.1896047
A21: 2016 | B21: 3 | C21: 31 | D21: 2016.249 | E21: 1.6834273 | F21: 0.066943873 | G21: 0 | H21: 0 | I21: =E21+F21 -> 1.7503711
A22: 2016 | B22: 4 | C22: 30 | D22: 2016.331 | E22: 2.4903522 | F22: 0.09175319 | G22: 0 | H22: 0 | I22: =E22+F22 -> 2.5821054
... A24: 2016 | B24: 6 | C24: 30 | D24: 2016.497 | E24: 4.4685835 | F24: 0.1712709 | G24: 0 | H24: 0 | I24: =E24+F24 -> 4.6398544
A25: 2016 | B25: 7 | C25: 31 | D25: 2016.582 | E25: 5.5537113 | F25: 0.22820673 | G25: 0 | H25: 0 | I25: =E25+F25 -> 5.781918 | K25: Year | L25: Month | M25: Trees+Debris | N25: Area | O25: Abatement (t C) | P25: Aabtement (tCO2) | Q25: Fuel Emissions tCO2e | R25: Net Abatement (tCO2e)
A26: 2016 | B26: 8 | C26: 31 | D26: 2016.667 | E26: 6.4740212 | F26: 0.29488586 | G26: 0 | H26: 0 | I26: =E26+F26 -> 6.768907 | K26: 2016 | L26: 6 | M26: =I24 -> 4.6398544 | N26: ='Abatement - Report 3'!$C$10 -> 66.16 | O26: =M26*N26 -> 306.97277 | P26: =O26*44/12 -> 1125.5668 | Q26: ='Fuel Emissions'!$D$50 -> 2.8064182 | R26: =P26-Q26 -> 1122.7604
A27: 2016 | B27: 9 | C27: 30 | D27: 2016.749 | E27: 7.4111743 | F27: 0.36591536 | G27: 0 | H27: 0 | I27: =E27+F27 -> 7.7770897 | K27: 2017 | L27: 6 | M27: =I36 -> 14.869748 | N27: ='Abatement - Report 3'!$C$10 -> 66.16 | O27: =M27*N27 -> 983.78253 | P27: =O27*44/12 -> 3607.2026 | Q27: ='Fuel Emissions'!$D$50 -> 2.8064182 | R27: =P27-Q27 -> 3604.3962
A28: 2016 | B28: 10 | C28: 31 | D28: 2016.833 | E28: 8.4179 | F28: 0.44393724 | G28: 0 | H28: 0 | I28: =E28+F28 -> 8.8618372 | K28: 2018 | L28: 6 | M28: =I48 -> 22.404193 | N28: ='Abatement - Report 3'!$C$10 -> 66.16 | O28: =M28*N28 -> 1482.2614 | P28: =O28*44/12 -> 5434.9585 | Q28: ='Fuel Emissions'!$D$50 -> 2.8064182 | R28: =P28-Q28 -> 5432.1521
A29: 2016 | B29: 11 | C29: 30 | D29: 2016.915 | E29: 9.1629459 | F29: 0.52552781 | G29: 0 | H29: 0 | I29: =E29+F29 -> 9.6884737 | K29: 2019 | L29: 6 | M29: =I60 -> 30.295068 | N29: ='Abatement - Report 3'!$C$10 -> 66.16 | O29: =M29*N29 -> 2004.3217 | P29: =O29*44/12 -> 7349.1796 | Q29: ='Fuel Emissions'!$D$50 -> 2.8064182 | R29: =P29-Q29 -> 7346.3732
A30: 2016 | B30: 12 | C30: 31 | D30: 2017 | E30: 9.9486212 | F30: 0.61406098 | G30: 0 | H30: 0 | I30: =E30+F30 -> 10.562682 | K30: 2020 | L30: 6 | M30: =I72 -> 37.096084 | N30: ='Abatement - Report 3'!$C$10 -> 66.16 | O30: =M30*N30 -> 2454.2769 | P30: =O30*44/12 -> 8999.0154 | Q30: ='Fuel Emissions'!$D$50 -> 2.8064182 | R30: =P30-Q30 -> 8996.209
A31: 2017 | B31: 1 | C31: 31 | D31: 2017.085 | E31: 10.747764 | F31: 0.7071758 | G31: 0 | H31: 0 | I31: =E31+F31 -> 11.45494 | K31: 2021 | L31: 6 | M31: =I84 -> 43.664233 | N31: ='Abatement - Report 3'!$C$10 -> 66.16 | O31: =M31*N31 -> 2888.8257 | P31: =O31*44/12 -> 10592.361 | Q31: ='Fuel Emissions'!$D$50 -> 2.8064182 | R31: =P31-Q31 -> 10589.554
A32: 2017 | B32: 2 | C32: 28 | D32: 2017.162 | E32: 11.479138 | F32: 0.79526214 | G32: 0 | H32: 0 | I32: =E32+F32 -> 12.2744 | K32: 2022 | L32: 6 | M32: =I96 -> 49.002623 | N32: ='Abatement - Report 3'!$C$10 -> 66.16 | O32: =M32*N32 -> 3242.0136 | P32: =O32*44/12 -> 11887.383 | Q32: ='Fuel Emissions'!$D$50 -> 2.8064182 | R32: =P32-Q32 -> 11884.577
A33: 2017 | B33: 3 | C33: 31 | D33: 2017.247 | E33: 12.29089 | F33: 0.89773255 | G33: 0 | H33: 0 | I33: =E33+F33 -> 13.188622 | K33: 2023 | L33: 6 | M33: =I108 -> 54.33199 | N33: ='Abatement - Report 3'!$C$10 -> 66.16 | O33: =M33*N33 -> 3594.6045 | P33: =O33*44/12 -> 13180.216 | Q33: ='Fuel Emissions'!$D$50 -> 2.8064182 | R33: =P33-Q33 -> 13177.41
A34: 2017 | B34: 4 | C34: 30 | D34: 2017.329 | E34: 12.824728 | F34: 1.001204 | G34: 0 | H34: 0 | I34: =E34+F34 -> 13.825932 | K34: 2024 | L34: 6 | M34: =I120 -> 58.970843 | N34: ='Abatement - Report 3'!$C$10 -> 66.16 | O34: =M34*N34 -> 3901.511 | P34: =O34*44/12 -> 14305.54 | Q34: ='Fuel Emissions'!$D$50 -> 2.8064182 | R34: =P34-Q34 -> 14302.734
A35: 2017 | B35: 5 | C35: 31 | D35: 2017.414 | E35: 13.372066 | F35: 1.1094806 | G35: 0 | H35: 0 | I35: =E35+F35 -> 14.481547 | K35: 2025 | L35: 6 | M35: =I132 -> 63.127602 | N35: ='Abatement - Report 3'!$C$10 -> 66.16 | O35: =M35*N35 -> 4176.5221 | P35: =O35*44/12 -> 15313.914 | Q35: ='Fuel Emissions'!$D$50 -> 2.8064182 | R35: =P35-Q35 -> 15311.108
A36: 2017 | B36: 6 | C36: 30 | D36: 2017.496 | E36: 13.648742 | F36: 1.2210065 | G36: 0 | H36: 0 | I36: =E36+F36 -> 14.869748 | J36: 14.869748
A37: 2017 | B37: 7 | C37: 31 | D37: 2017.581 | E37: 13.923649 | F37: 1.3367494 | G37: 0 | H37: 0 | I37: =E37+F37 -> 15.260398
A38: 2017 | B38: 8 | C38: 31 | D38: 2017.666 | E38: 14.47011 | F38: 1.4566696 | G38: 0 | H38: 0 | I38: =E38+F38 -> 15.926779
A39: 2017 | B39: 9 | C39: 30 | D39: 2017.748 | E39: 15.002643 | F39: 1.57232 | G39: 0 | H39: 0 | I39: =E39+F39 -> 16.574963
A40: 2017 | B40: 10 | C40: 31 | D40: 2017.833 | E40: 15.551656 | F40: 1.6814412 | G40: 0 | H40: 0 | I40: =E40+F40 -> 17.233098
A41: 2017 | B41: 11 | C41: 30 | D41: 2017.915 | E41: 16.083228 | F41: 1.7874009 | G41: 0 | H41: 0 | I41: =E41+F41 -> 17.870629
A42: 2017 | B42: 12 | C42: 31 | D42: 2018 | E42: 16.632437 | F42: 1.8972215 | G42: 0 | H42: 0 | I42: =E42+F42 -> 18.529659
A43: 2018 | B43: 1 | C43: 31 | D43: 2018.085 | E43: 17.181227 | F43: 2.0082614 | G43: 0 | H43: 0 | I43: =E43+F43 -> 19.189489
A44: 2018 | B44: 2 | C44: 28 | D44: 2018.162 | E44: 17.676283 | F44: 2.1098448 | G44: 0 | H44: 0 | I44: =E44+F44 -> 19.786128
A45: 2018 | B45: 3 | C45: 31 | D45: 2018.247 | E45: 18.222137 | F45: 2.2255748 | G45: 0 | H45: 0 | I45: =E45+F45 -> 20.447712
A46: 2018 | B46: 4 | C46: 30 | D46: 2018.329 | E46: 18.74767 | F46: 2.3420919 | G46: 0 | H46: 0 | I46: =E46+F46 -> 21.089762
A47: 2018 | B47: 5 | C47: 31 | D47: 2018.414 | E47: 19.289226 | F47: 2.4627877 | G47: 0 | H47: 0 | I47: =E47+F47 -> 21.752014
A48: 2018 | B48: 6 | C48: 30 | D48: 2018.496 | E48: 19.811647 | F48: 2.5925464 | G48: 0 | H48: 0 | I48: =E48+F48 -> 22.404193 | J48: 19.36698
A49: 2018 | B49: 7 | C49: 31 | D49: 2018.581 | E49: 20.613384 | F49: 2.7305851 | G49: 0 | H49: 0 | I49: =E49+F49 -> 23.343969
A50: 2018 | B50: 8 | C50: 31 | D50: 2018.666 | E50: 21.154449 | F50: 2.8766311 | G50: 0 | H50: 0 | I50: =E50+F50 -> 24.031081
A51: 2018 | B51: 9 | C51: 30 | D51: 2018.748 | E51: 21.667318 | F51: 3.0148844 | G51: 0 | H51: 0 | I51: =E51+F51 -> 24.682203
A52: 2018 | B52: 10 | C52: 31 | D52: 2018.833 | E52: 22.194748 | F52: 3.1359181 | G52: 0 | H52: 0 | I52: =E52+F52 -> 25.330666
A53: 2018 | B53: 11 | C53: 30 | D53: 2018.915 | E53: 22.702573 | F53: 3.2509142 | G53: 0 | H53: 0 | I53: =E53+F53 -> 25.953488
A54: 2018 | B54: 12 | C54: 31 | D54: 2019 | E54: 23.224519 | F54: 3.3684945 | G54: 0 | H54: 0 | I54: =E54+F54 -> 26.593014
A55: 2019 | B55: 1 | C55: 31 | D55: 2019.085 | E55: 23.743491 | F55: 3.4864263 | G55: 0 | H55: 0 | I55: =E55+F55 -> 27.229917
A56: 2019 | B56: 2 | C56: 28 | D56: 2019.162 | E56: 24.20959 | F56: 3.5937443 | G56: 0 | H56: 0 | I56: =E56+F56 -> 27.803335
A57: 2019 | B57: 3 | C57: 31 | D57: 2019.247 | E57: 24.718282 | F57: 3.7158348 | G57: 0 | H57: 0 | I57: =E57+F57 -> 28.434117
A58: 2019 | B58: 4 | C58: 30 | D58: 2019.329 | E58: 25.207192 | F58: 3.8389391 | G58: 0 | H58: 0 | I58: =E58+F58 -> 29.046131
A59: 2019 | B59: 5 | C59: 31 | D59: 2019.414 | E59: 25.709132 | F59: 3.9643608 | G59: 0 | H59: 0 | I59: =E59+F59 -> 29.673493
A60: 2019 | B60: 6 | C60: 30 | D60: 2019.496 | E60: 26.191651 | F60: 4.1034176 | G60: 0 | H60: 0 | I60: =E60+F60 -> 30.295068 | J60: 23.777799
A61: 2019 | B61: 7 | C61: 31 | D61: 2019.581 | E61: 26.445677 | F61: 4.2490685 | G61: 0 | H61: 0 | I61: =E61+F61 -> 30.694746
A62: 2019 | B62: 8 | C62: 31 | D62: 2019.666 | E62: 26.935121 | F62: 4.4023303 | G62: 0 | H62: 0 | I62: =E62+F62 -> 31.337452
A63: 2019 | B63: 9 | C63: 30 | D63: 2019.748 | E63: 27.408705 | F63: 4.5445617 | G63: 0 | H63: 0 | I63: =E63+F63 -> 31.953267
A64: 2019 | B64: 10 | C64: 31 | D64: 2019.833 | E64: 27.893884 | F64: 4.6573514 | G64: 0 | H64: 0 | I64: =E64+F64 -> 32.551236
A65: 2019 | B65: 11 | C65: 30 | D65: 2019.915 | E65: 28.359966 | F65: 4.7611162 | G65: 0 | H65: 0 | I65: =E65+F65 -> 33.121082
A66: 2019 | B66: 12 | C66: 31 | D66: 2020 | E66: 28.837986 | F66: 4.8651081 | G66: 0 | H66: 0 | I66: =E66+F66 -> 33.703095
A67: 2020 | B67: 1 | C67: 31 | D67: 2020.085 | E67: 29.312321 | F67: 4.9682146 | G67: 0 | H67: 0 | I67: =E67+F67 -> 34.280536
A68: 2020 | B68: 2 | C68: 29 | D68: 2020.164 | E68: 29.752693 | F68: 5.0647381 | G68: 0 | H68: 0 | I68: =E68+F68 -> 34.817431
A69: 2020 | B69: 3 | C69: 31 | D69: 2020.249 | E69: 30.219334 | F69: 5.1726032 | G69: 0 | H69: 0 | I69: =E69+F69 -> 35.391937
A70: 2020 | B70: 4 | C70: 30 | D70: 2020.331 | E70: 30.666853 | F70: 5.2834254 | G70: 0 | H70: 0 | I70: =E70+F70 -> 35.950278
A71: 2020 | B71: 5 | C71: 31 | D71: 2020.415 | E71: 31.125597 | F71: 5.3980519 | G71: 0 | H71: 0 | I71: =E71+F71 -> 36.523649
A72: 2020 | B72: 6 | C72: 30 | D72: 2020.497 | E72: 31.565962 | F72: 5.5301223 | G72: 0 | H72: 0 | I72: =E72+F72 -> 37.096084
... A310: 2040 | B310: 4 | C310: 30 | D310: 2040.331 | E310: 69.047081 | F310: 16.561966 | G310: 0 | H310: 0 | I310: =E310+F310 -> 85.609048
I311: =E311+F311 -> 0
